Rk,Player,Pos,Age,Tm,G,GS,MP,FG,FGA,FG%,3P,3PA,3P%,2P,2PA,2P%,eFG%,FT,FTA,FT%,ORB,DRB,TRB,AST,STL,BLK,TOV,PF,PTS
29,Cat Barber,PG,27,ATL,3,0,4.3,0,1.3,0,0,0,,0,1.3,0,0,0,1.3,0,0.3,0.7,1,1,0,0,0.3,0.3,0
53,Bogdan Bogdanović,SG,29,ATL,36,26,28.5,4.6,10.9,0.417,2.4,6.5,0.363,2.2,4.4,0.497,0.525,1,1.3,0.8,0.3,3.4,3.8,2.9,0.8,0.2,1.1,2,12.5
91,Clint Capela,C,27,ATL,46,45,28.2,4.9,8.4,0.58,0,0,0,4.9,8.4,0.581,0.58,1.1,2.4,0.455,3.8,8.3,12.2,1.4,0.8,1.3,0.5,2.3,10.9
108,John Collins,PF,24,ATL,49,49,31.5,6.6,12.2,0.541,1.3,3.2,0.395,5.3,9,0.593,0.593,2.6,3.3,0.794,1.8,6.2,8,1.9,0.7,1.1,1.1,3.1,17
114,Sharife Cooper,PG,20,ATL,10,0,3.5,0.3,1.4,0.214,0.1,0.6,0.167,0.2,0.8,0.25,0.25,0,0,,0,0.5,0.5,0.5,0,0,0.5,0.1,0.7
136,Gorgui Dieng,C,32,ATL,35,3,9.2,1.2,2.6,0.473,0.6,1.4,0.42,0.6,1.2,0.537,0.588,0.5,0.7,0.739,0.9,2.2,3.1,0.8,0.3,0.3,0.5,1.3,3.5
176,Danilo Gallinari,PF,33,ATL,43,1,23.2,3.2,7.7,0.421,1.6,4,0.387,1.7,3.7,0.459,0.523,2.2,2.4,0.913,0.5,3.9,4.4,1.4,0.5,0.2,0.6,1.5,10.2
235,Solomon Hill,PF,30,ATL,13,1,10.7,0.2,1.5,0.15,0.2,1,0.154,0.1,0.5,0.143,0.2,0,0,,0.5,1.3,1.8,0.9,0.3,0.2,0.1,1.2,0.6
249,Kevin Huerter,SG,23,ATL,47,33,29.1,4.5,9.8,0.463,1.9,5,0.377,2.6,4.8,0.554,0.56,0.6,0.7,0.8,0.4,2.7,3.2,2.8,0.6,0.3,1.3,2.2,11.6
252,De'Andre Hunter,SF,24,ATL,26,25,28.7,4.8,10.5,0.453,1.4,3.5,0.407,3.3,7,0.475,0.52,2.1,3,0.701,0.4,3,3.4,1.3,0.6,0.4,1.5,2.8,13
260,Wes Iwundu,SF,27,ATL,3,1,27.3,2.7,6,0.444,1,1.7,0.6,1.7,4.3,0.385,0.528,1,1.3,0.75,1,3.3,4.3,0,0.3,0,0.3,2.7,7.3
276,Jalen Johnson,PF,20,ATL,13,0,4.5,0.7,1.5,0.474,0.2,0.5,0.429,0.5,0.9,0.5,0.553,0.3,0.5,0.667,0,1.2,1.2,0.1,0,0,0.2,0.2,1.9
334,Timothé Luwawu-Cabarrot,SF,26,ATL,34,12,13,1.4,3.6,0.387,0.9,2.5,0.36,0.5,1.1,0.447,0.512,0.5,0.6,0.85,0.2,1.1,1.4,0.8,0.4,0.1,0.4,1.4,4.2
351,Skylar Mays,SG,24,ATL,21,5,9.4,1.5,2.9,0.517,0.4,1.2,0.32,1.1,1.7,0.657,0.583,0.4,0.4,0.889,0.2,1,1.2,0.8,0.3,0,0.4,0.3,3.7
414,Onyeka Okongwu,C,21,ATL,22,6,22.1,3.6,4.9,0.731,0,0,,3.6,4.9,0.731,0.731,1.8,2.4,0.736,2.2,3.5,5.7,1,0.7,1.5,1.1,3.3,9
417,Cameron Oliver,SF,25,ATL,2,0,21.5,5,7.5,0.667,0.5,1.5,0.333,4.5,6,0.75,0.7,1,1.5,0.667,1,2,3,1.5,0.5,0.5,0,2.5,11.5
574,Lou Williams,PG,35,ATL,37,0,14.6,2.4,6.1,0.398,0.8,2.1,0.354,1.7,4,0.422,0.46,1.3,1.5,0.889,0.3,1.3,1.6,2,0.5,0.1,0.8,1,6.9
584,Delon Wright,SG,29,ATL,49,5,18.2,1.6,3.5,0.439,0.5,1.4,0.388,1,2.2,0.472,0.514,0.7,0.8,0.825,0.7,2,2.7,2.6,1,0.2,0.7,0.7,4.3
588,Trae Young,PG,23,ATL,49,49,34.5,9.4,20.6,0.458,2.9,7.8,0.379,6.5,12.8,0.506,0.529,6,6.8,0.894,0.6,3.3,3.9,9.3,1,0.1,4.1,1.6,27.8
460,Cam Reddish,SF,22,ATL,40,7,21.7,3.7,9.2,0.398,1.5,4.1,0.364,2.2,5.1,0.426,0.48,2.2,2.4,0.905,0.5,1.8,2.3,1,1,0.3,1.2,1.2,11
75,Jaylen Brown,SF,25,BOS,42,42,34.2,8.7,18.9,0.461,2.7,7.6,0.349,6,11.3,0.537,0.531,3.8,4.8,0.783,0.8,5.7,6.5,3.2,1.1,0.4,2.9,2.6,23.9
163,Bruno Fernando,C,23,BOS,20,0,2.9,0.4,0.7,0.5,0.1,0.1,1,0.3,0.7,0.462,0.536,0.2,0.3,0.8,0.4,0.4,0.8,0.2,0,0.2,0.3,0.3,1
173,Enes Freedom,C,29,BOS,35,1,11.7,1.5,2.8,0.526,0.1,0.1,0.4,1.4,2.6,0.533,0.536,0.7,0.8,0.857,1.7,2.8,4.6,0.2,0.1,0.4,0.6,1.2,3.7
223,Sam Hauser,SF,24,BOS,10,0,4.1,0.4,1.4,0.286,0.4,1.4,0.286,0,0,,0.429,0,0,,0.1,0.5,0.6,0.1,0.1,0.1,0,0.4,1.2
244,Al Horford,C,35,BOS,47,47,28.4,3.8,8.7,0.435,1.2,4,0.293,2.6,4.7,0.557,0.502,1.3,1.6,0.84,1.6,5.9,7.5,3.4,0.6,1.3,1,1.9,10
278,Joe Johnson,SG,40,BOS,1,0,2,1,1,1,0,0,,1,1,1,1,0,0,,0,0,0,0,0,0,0,0,2
316,Romeo Langford,SG,22,BOS,44,5,16.5,1.8,4.2,0.429,0.7,1.9,0.349,1.1,2.3,0.495,0.508,0.5,0.8,0.588,0.7,1.7,2.4,0.4,0.5,0.4,0.4,1,4.7
370,C.J. Miles,SG,34,BOS,1,0,2,0,0,,0,0,,0,0,,,0,0,,0,0,0,0,0,0,0,1,0
398,Aaron Nesmith,SF,22,BOS,39,1,10.2,1.2,3.3,0.354,0.4,2.1,0.207,0.7,1.2,0.604,0.419,0.3,0.4,0.813,0.3,1.4,1.6,0.3,0.3,0.1,0.5,1.2,3.1
427,Jabari Parker,PF,26,BOS,12,0,9.3,1.5,3.2,0.474,0.7,1.3,0.5,0.8,1.8,0.455,0.579,0.8,0.8,1,0.4,1.9,2.3,0.5,0.3,0.1,0.7,1.1,4.4
453,Payton Pritchard,SG,24,BOS,45,2,12.2,1.8,4.6,0.385,1,2.8,0.371,0.7,1.8,0.407,0.498,0.3,0.3,1,0.3,1.3,1.6,1.7,0.2,0.1,0.6,0.9,4.8
465,Josh Richardson,SG,28,BOS,44,0,24.7,3.5,7.8,0.443,1.4,3.5,0.397,2,4.3,0.481,0.534,1.4,1.6,0.859,0.6,2.3,2.8,1.5,0.8,0.5,0.9,1.9,9.7
483,Dennis Schröder,SG,28,BOS,49,25,29.2,5.2,11.9,0.44,1.4,3.9,0.349,3.9,8,0.485,0.497,2.5,3,0.848,0.6,2.8,3.3,4.2,0.8,0.1,2.1,2.4,14.4
498,Marcus Smart,PG,27,BOS,47,47,33,4,9.8,0.414,1.5,4.8,0.316,2.5,5,0.509,0.491,1.9,2.4,0.791,0.6,3.3,4,5.4,1.8,0.3,2.1,2.5,11.5
515,Jayson Tatum,SF,23,BOS,52,52,36,8.9,20.7,0.431,2.8,8.4,0.328,6.2,12.3,0.501,0.497,5,5.9,0.84,1.2,7.2,8.4,4.1,1,0.7,2.9,2.4,25.5
522,Brodric Thomas,SG,25,BOS,7,0,4,0.1,1.3,0.111,0,0.9,0,0.1,0.4,0.333,0.111,0.3,0.3,1,0.3,0.4,0.7,0.7,0,0,0.4,0.1,0.6
572,Grant Williams,PF,23,BOS,51,13,22.8,2.5,5.1,0.483,1.5,3.4,0.429,1,1.6,0.595,0.627,0.8,0.9,0.896,0.8,2.5,3.3,1.1,0.5,0.7,0.8,2.2,7.2
576,Robert Williams,C,24,BOS,45,45,29.7,4.4,5.9,0.737,0,0,0,4.4,5.9,0.74,0.737,1.1,1.6,0.708,3.8,5.6,9.5,2,0.9,2.2,1.2,2.1,9.8
5,LaMarcus Aldridge,C,36,BRK,36,11,22.9,5.8,10.4,0.555,0.3,1.1,0.316,5.4,9.3,0.582,0.571,1.6,1.9,0.853,1.5,4.1,5.6,0.9,0.4,1.1,0.9,1.8,13.4
43,DeAndre' Bembry,SF,27,BRK,48,20,19.8,2.5,4.4,0.568,0.3,0.8,0.417,2.2,3.7,0.599,0.603,0.4,0.7,0.6,0.8,2.4,3.2,1.3,1,0.5,0.6,2.2,5.8
71,Bruce Brown,SF,25,BRK,46,19,20.4,2.5,5.3,0.475,0.2,0.8,0.297,2.3,4.5,0.507,0.498,0.7,0.9,0.738,1.2,3,4.2,1.2,0.9,0.5,0.7,2.3,6
93,Jevon Carter,PG,26,BRK,42,1,11.9,1.2,3.6,0.336,0.9,2.6,0.345,0.3,1,0.31,0.461,0.1,0.2,0.75,0.2,1.2,1.4,1,0.3,0.2,0.5,1,3.5
106,Nic Claxton,C,22,BRK,25,18,21.2,4,6.2,0.639,0,0,,4,6.2,0.639,0.639,1.2,2.1,0.566,2.2,3.4,5.6,0.8,0.5,1.1,0.7,2.2,9.1
150,David Duke Jr.,PG,22,BRK,16,7,17.7,2.1,5.8,0.366,0.5,1.9,0.258,1.6,3.9,0.419,0.409,1,1.2,0.842,1.8,2,3.8,0.9,0.7,0.4,0.5,1.8,5.8
151,Kevin Durant,PF,33,BRK,36,36,36.5,10.5,20.3,0.52,1.9,5,0.372,8.7,15.3,0.568,0.566,6.3,7.1,0.894,0.6,6.9,7.4,5.8,0.8,0.9,3,1.9,29.3
154,Kessler Edwards,SF,21,BRK,24,17,25.4,2.7,6.5,0.419,1.2,3.2,0.364,1.5,3.3,0.474,0.51,0.3,0.3,0.75,1.1,3.3,4.4,0.7,0.8,0.7,1.1,2,6.8
204,Blake Griffin,PF,32,BRK,44,23,18.8,2.6,6.2,0.418,0.6,2.8,0.228,2,3.4,0.573,0.469,1.1,1.5,0.742,1.2,3.4,4.6,2.2,0.5,0.3,0.5,1.8,6.9
212,James Harden,PG,32,BRK,44,44,37,6.6,16,0.414,2.3,7,0.332,4.3,9.1,0.476,0.486,6.9,8,0.869,1,7,8,10.2,1.3,0.7,4.8,2.4,22.5
217,Joe Harris,SF,30,BRK,14,14,30.2,4,8.9,0.452,2.9,6.3,0.466,1.1,2.6,0.417,0.617,0.4,0.4,0.833,0.4,3.6,4,1,0.5,0.1,1.1,2.2,11.3
219,Shaquille Harrison,SG,28,BRK,2,0,11.5,1,3,0.333,0,1,0,1,2,0.5,0.333,0,0,,0.5,1.5,2,1.5,0.5,0.5,1,1.5,2
259,Kyrie Irving,PG,29,BRK,13,13,35.8,9,19.9,0.452,2.5,6.7,0.368,6.5,13.2,0.494,0.514,3.3,3.6,0.915,0.6,4.2,4.8,5.4,1,0.6,2.5,2.4,23.8
277,James Johnson,PF,34,BRK,40,5,19.1,2.5,5.1,0.485,0.3,1.2,0.271,2.2,3.9,0.551,0.517,0.4,0.9,0.457,1,2.5,3.5,1.9,0.5,0.4,0.7,2.4,5.7
371,Patty Mills,PG,33,BRK,54,37,30.9,4.8,11,0.433,3.2,7.6,0.422,1.6,3.4,0.457,0.579,0.7,0.8,0.884,0.2,2,2.2,2.6,0.7,0.3,0.9,1.4,13.5
372,Paul Millsap,PF,36,BRK,24,0,11.3,1.3,3.5,0.376,0.3,1.1,0.222,1.1,2.4,0.448,0.412,0.5,0.7,0.706,1.2,2.5,3.7,1,0.2,0.5,0.5,2,3.4
490,Day'Ron Sharpe,PF,20,BRK,27,8,12.7,2.7,4.9,0.556,0,0.1,0.25,2.7,4.8,0.566,0.56,0.8,1.3,0.618,2.7,2.5,5.2,0.4,0.3,0.6,1,2,6.3
523,Cam Thomas,SG,20,BRK,44,2,18.7,3.5,7.9,0.447,0.8,2.9,0.273,2.7,5,0.548,0.497,1.1,1.4,0.787,0.2,2.3,2.5,1.2,0.5,0.2,0.8,0.9,8.9
25,Lonzo Ball,PG,24,CHI,35,35,34.6,4.6,10.9,0.423,3.1,7.4,0.423,1.5,3.5,0.423,0.567,0.6,0.8,0.75,1,4.4,5.4,5.1,1.8,0.9,2.3,2.4,13
42,Jordan Bell,C,27,CHI,1,0,2,0,0,,0,0,,0,0,,,0,0,,1,0,1,0,1,0,0,2,0
63,Tony Bradley,C,24,CHI,41,7,11.6,1.5,2.6,0.581,0,0,,1.5,2.6,0.581,0.581,0.3,0.5,0.7,1.3,2.5,3.8,0.5,0.2,0.7,0.6,1.3,3.3
78,Troy Brown Jr.,SF,22,CHI,44,5,17.8,1.8,4.3,0.431,0.7,2.1,0.352,1.1,2.2,0.505,0.516,0.4,0.6,0.76,0.7,2.6,3.3,1.2,0.6,0.1,0.5,1.1,4.8
95,Alex Caruso,SG,27,CHI,28,9,27.7,2.8,6.5,0.429,1.1,3.1,0.345,1.7,3.4,0.505,0.511,1.7,2.1,0.814,0.9,3,3.9,3.9,1.9,0.4,1.4,2.4,8.4
113,Tyler Cook,PF,24,CHI,18,2,10.7,1.2,2,0.611,0,0,,1.2,2,0.611,0.611,1.1,1.7,0.645,0.9,1.9,2.8,0.2,0.2,0.2,0.4,1.3,3.6
132,DeMar DeRozan,PF,32,CHI,51,51,35.4,10,19.5,0.51,0.6,1.9,0.344,9.3,17.7,0.527,0.526,6.8,7.9,0.859,0.9,4.4,5.2,5.1,0.9,0.3,2.4,2.2,27.4
141,Ayo Dosunmu,SG,22,CHI,50,16,24.7,3.1,6,0.517,0.9,2.2,0.409,2.2,3.8,0.58,0.592,0.7,1.1,0.661,0.3,2.3,2.6,2.7,0.6,0.4,1.2,2.1,7.8
143,Devon Dotson,PG,22,CHI,11,0,7.7,1,2.1,0.478,0.2,0.8,0.222,0.8,1.3,0.643,0.522,0.5,0.8,0.556,0.1,0.7,0.8,1.4,0.1,0,0.5,1,2.6
201,Javonte Green,SF,28,CHI,39,28,23.6,2.6,4.9,0.526,0.4,1.4,0.283,2.2,3.6,0.619,0.565,1.5,1.8,0.819,1.6,2.7,4.2,1.1,0.9,0.6,0.5,2.2,7.1
286,Derrick Jones Jr.,PF,24,CHI,31,8,17.2,2.3,3.9,0.582,0.5,1.2,0.405,1.8,2.7,0.659,0.643,1.3,1.5,0.848,1.2,2.2,3.4,0.5,0.5,0.7,0.5,2.3,6.3
317,Zach LaVine,SF,26,CHI,46,46,34.5,8.8,18.2,0.484,2.9,7.2,0.404,5.9,11,0.536,0.564,4.3,4.9,0.876,0.3,4.6,4.9,4.4,0.6,0.4,2.7,1.7,24.9
353,Mac McClung,PG,23,CHI,1,0,3,1,1,1,0,0,,1,1,1,1,0,0,,0,0,0,0,0,0,1,0,2
362,Alfonzo McKinnie,SF,29,CHI,17,3,12.1,1.4,3.6,0.393,0.5,1.6,0.333,0.9,2,0.441,0.467,0.1,0.5,0.25,0.8,1.2,1.9,0.3,0.1,0.2,0.4,1.5,3.5
493,Marko Simonovic,C,22,CHI,9,0,3.9,0.4,1.7,0.267,0.1,0.6,0.2,0.3,1.1,0.3,0.3,0.9,1.2,0.727,0.6,0.6,1.1,0,0.1,0.1,0.2,0.7,1.9
525,Matt Thomas,SG,27,CHI,32,0,13,1.6,3.8,0.413,1,2.6,0.402,0.5,1.2,0.436,0.55,0.4,0.5,0.765,0.1,1.3,1.4,0.6,0.2,0.1,0.2,0.5,4.6
546,Nikola Vučević,C,31,CHI,48,48,33.7,7.4,15.9,0.466,1.6,4.8,0.329,5.8,11.1,0.525,0.516,1.2,1.6,0.727,2,9.6,11.7,3.6,1,1.2,1.8,2.5,17.5
564,Coby White,PG,21,CHI,35,12,27.5,4.7,10.7,0.437,2.1,5.7,0.362,2.6,5,0.523,0.533,1.5,1.8,0.841,0.3,2.5,2.7,2.6,0.5,0.3,1.2,2.2,12.9
575,Patrick Williams,PF,20,CHI,5,5,25,2.6,4.6,0.565,0.6,1.2,0.5,2,3.4,0.588,0.63,0.8,0.8,1,0.2,2,2.2,0.6,0.6,0.4,0.4,1.8,6.6
24,LaMelo Ball,PG,20,CHO,49,49,32.4,7.1,16.8,0.423,2.6,7.1,0.361,4.5,9.7,0.468,0.499,3,3.5,0.865,1.6,5.5,7.1,7.5,1.6,0.4,3.1,3.1,19.8
61,James Bouknight,SG,21,CHO,25,0,10,1.7,4.6,0.368,0.6,1.6,0.341,1.1,2.9,0.384,0.43,0.9,1.1,0.852,0.7,0.8,1.5,0.8,0.2,0,0.4,0.9,4.8
66,Miles Bridges,PF,23,CHO,54,54,35.9,7.4,15.3,0.485,1.8,5.9,0.31,5.6,9.4,0.593,0.544,3.2,4,0.797,1.2,6,7.1,3.6,1.1,0.9,1.8,2.6,19.8
92,Vernon Carey Jr.,C,20,CHO,4,1,4.3,0.8,1.5,0.5,0,0,,0.8,1.5,0.5,0.5,0.5,0.8,0.667,0.8,0.5,1.3,0,0.3,0,0.3,0.3,2
226,Gordon Hayward,SF,31,CHO,48,48,32.2,5.9,12.7,0.46,1.8,4.5,0.39,4.1,8.2,0.499,0.529,2.6,3.1,0.846,0.8,3.8,4.6,3.6,1,0.5,1.7,1.8,16.1
289,Kai Jones,C,21,CHO,16,0,2.9,0.4,0.6,0.667,0.1,0.1,0.5,0.3,0.4,0.714,0.722,0.1,0.3,0.25,0.1,0.4,0.5,0.3,0,0,0.3,0.3,0.9
310,Arnoldas Kulboka,SF,24,CHO,1,0,3,0,0,,0,0,,0,0,,,0,0,,0,0,0,0,0,0,0,0,0
324,Scottie Lewis,SG,21,CHO,2,0,3.5,0,0,,0,0,,0,0,,,0.5,1,0.5,0,0,0,0.5,0.5,0,0,0,0.5
344,Cody Martin,SF,26,CHO,49,11,27.2,2.9,6.5,0.454,1,2.4,0.41,2,4.1,0.48,0.53,1.1,1.7,0.671,1.2,3,4.2,2.6,1.3,0.5,0.9,1.7,8
357,Jalen McDaniels,SF,24,CHO,39,2,17.6,2.5,5.1,0.492,0.8,2.2,0.372,1.7,2.8,0.586,0.574,0.8,1.2,0.674,0.7,2.7,3.5,1.1,0.5,0.4,0.8,1.8,6.6
423,Kelly Oubre Jr.,SF,26,CHO,50,11,28.5,6,13.6,0.442,2.8,8,0.351,3.2,5.6,0.573,0.546,1.8,2.6,0.688,1.1,3,4.1,1.2,1.2,0.4,1,2.5,16.6
437,Mason Plumlee,C,31,CHO,47,47,25.4,3,4.7,0.631,0,0,0,3,4.7,0.636,0.631,0.7,2.2,0.34,2.5,5.3,7.8,2.9,1,0.7,1.3,3,6.7
464,Nick Richards,C,24,CHO,40,5,8.5,1.4,2,0.679,0,0,,1.4,2,0.679,0.679,0.8,1,0.732,0.8,1.3,2,0.3,0.2,0.5,0.5,1.2,3.5
475,Terry Rozier,SG,27,CHO,47,47,33.3,6.8,15.7,0.43,3,8.1,0.366,3.8,7.6,0.497,0.524,1.9,2.3,0.806,0.7,3.5,4.2,4,1.1,0.3,1.3,1.4,18.4
500,Ish Smith,PG,33,CHO,37,1,13.8,2,5,0.395,0.3,0.7,0.4,1.7,4.3,0.394,0.422,0.3,0.5,0.632,0.3,1.2,1.5,2.6,0.5,0.3,1,0.9,4.5
528,JT Thor,PF,19,CHO,15,0,8.5,0.7,2.1,0.344,0.3,1.3,0.25,0.4,0.8,0.5,0.422,0.5,0.7,0.7,0.4,0.9,1.3,0.5,0.3,0.4,0.3,0.9,2.3
557,P.J. Washington,PF,23,CHO,39,4,24.6,3.5,7.8,0.446,1.8,4.7,0.386,1.7,3.1,0.537,0.562,1.1,1.5,0.729,1.3,4.2,5.5,2,0.7,0.9,1.3,2.5,9.9
8,Jarrett Allen,C,23,CLE,47,47,32.6,6.6,9.9,0.667,0,0.2,0.1,6.6,9.7,0.679,0.668,3,4.3,0.686,3.6,7.6,11.2,1.8,0.8,1.4,1.8,1.8,16.2
126,Ed Davis,C,32,CLE,18,3,7.7,0.5,0.8,0.643,0,0,,0.5,0.8,0.643,0.643,0.2,0.4,0.375,0.4,2,2.4,0.2,0.2,0.4,0.3,1.4,1.2
161,Tacko Fall,C,26,CLE,11,1,5.4,0.5,1.1,0.417,0,0,,0.5,1.1,0.417,0.417,0.2,0.6,0.286,0.6,1.5,2.1,0.2,0,0.5,0.3,0.3,1.1
178,Darius Garland,PG,22,CLE,45,45,34.6,7.6,16,0.474,2.5,6.8,0.375,5.1,9.3,0.547,0.553,2.2,2.4,0.907,0.5,2.8,3.3,8.1,1.2,0.1,3.7,1.7,19.9
190,Brandon Goodwin,PG,26,CLE,15,3,16.7,2.2,5.7,0.388,0.8,2.1,0.375,1.4,3.5,0.396,0.459,0.5,0.9,0.5,0.5,2,2.5,3.3,1.1,0,1.1,1.5,5.7
332,Kevin Love,PF,33,CLE,47,2,22.3,4.6,10.7,0.427,2.5,6.4,0.393,2.1,4.3,0.478,0.545,2.8,3.2,0.855,1.2,6.3,7.5,2.2,0.4,0.2,1.3,1.1,14.4
341,Lauri Markkanen,PF,24,CLE,38,38,30.2,4.9,11.3,0.436,2,5.9,0.342,2.9,5.4,0.539,0.526,1.7,1.9,0.863,1.1,4.2,5.3,1.5,0.8,0.6,0.8,1.8,13.6
376,Evan Mobley,PF,20,CLE,47,47,34.2,6.1,12.2,0.498,0.4,1.4,0.277,5.7,10.8,0.527,0.514,2.4,3.6,0.667,1.9,6.3,8.2,2.6,0.7,1.7,1.9,2,14.9
397,RJ Nembhard Jr.,SG,22,CLE,7,0,6.3,0.7,1.6,0.455,0,0.1,0,0.7,1.4,0.5,0.455,0.1,0.3,0.5,0,0.3,0.3,1.4,0,0,0.3,0.3,1.6
400,Malik Newman,PG,24,CLE,1,0,8,3,5,0.6,0,1,0,3,4,0.75,0.6,2,2,1,0,1,1,1,0,0,1,0,8
415,Isaac Okoro,SF,21,CLE,40,34,28.7,3.3,7.1,0.465,0.9,2.7,0.312,2.4,4.3,0.561,0.525,1.7,2.2,0.764,1.1,2.2,3.3,1.8,0.8,0.3,1,2.5,9.1
421,Cedi Osman,SF,26,CLE,43,3,23.2,3.8,9.1,0.419,2,5.7,0.358,1.8,3.4,0.524,0.532,1.2,1.8,0.633,0.4,1.9,2.3,2,0.9,0.2,0.9,1.9,10.8
426,Kevin Pangos,PG,29,CLE,24,3,6.9,0.6,1.9,0.326,0.3,1.1,0.231,0.4,0.8,0.45,0.391,0.1,0.2,0.75,0.1,0.4,0.5,1.3,0.1,0,0.3,0.5,1.6
476,Ricky Rubio,PG,31,CLE,34,8,28.5,4.4,12.1,0.363,1.7,5.1,0.339,2.6,7,0.38,0.434,2.6,3,0.854,0.4,3.7,4.1,6.6,1.4,0.2,2.6,2.2,13.1
484,Tre Scott,SF,25,CLE,2,0,5.5,1.5,3,0.5,0,0.5,0,1.5,2.5,0.6,0.5,0,0,,0.5,0.5,1,0,0.5,0.5,0,1,3
488,Collin Sexton,SG,23,CLE,11,11,28.7,6.2,13.7,0.45,1,4.1,0.244,5.2,9.6,0.538,0.487,2.6,3.5,0.744,1.2,2.1,3.3,2.1,0.9,0,2.8,2.3,16
508,Lamar Stevens,PF,24,CLE,39,8,14.8,2.1,4.5,0.477,0.3,1.1,0.302,1.8,3.4,0.534,0.514,0.6,1,0.625,0.7,1.6,2.3,0.6,0.5,0.2,0.6,1.5,5.2
547,Dean Wade,PF,25,CLE,40,22,19.1,1.9,4.2,0.449,1,2.8,0.366,0.9,1.4,0.618,0.572,0.4,0.6,0.609,0.6,2.4,3,1.1,0.6,0.1,0.4,1.6,5.1
579,Dylan Windler,SF,25,CLE,37,0,9.3,0.9,2.1,0.429,0.6,1.5,0.389,0.3,0.6,0.522,0.565,0.2,0.2,0.778,0.4,1.3,1.7,0.7,0.2,0.1,0.4,1,2.5
76,Moses Brown,C,22,DAL,26,1,6.5,1,1.9,0.54,0,0,,1,1.9,0.54,0.54,1,1.7,0.628,0.6,1.7,2.3,0,0.1,0.3,0.5,1.1,3.1
77,Sterling Brown,SG,26,DAL,36,3,14.3,1.4,3.6,0.398,0.8,2.2,0.342,0.7,1.4,0.49,0.504,0.3,0.3,0.909,0.6,2.9,3.5,0.8,0.3,0.1,0.6,1.2,3.9
79,Jalen Brunson,PG,25,DAL,55,37,31.7,6.4,12.8,0.503,1,3,0.348,5.4,9.8,0.55,0.543,2.1,2.6,0.817,0.5,3.3,3.8,5.4,0.9,0.1,1.7,1.8,16
82,Reggie Bullock,SF,30,DAL,48,17,25,2.8,6.7,0.412,1.8,5.1,0.358,0.9,1.6,0.584,0.548,0.6,0.7,0.857,0.4,3,3.4,1,0.5,0.1,0.5,1.4,8
83,Trey Burke,PG,29,DAL,31,0,11.1,2.3,5.5,0.415,0.7,2.2,0.333,1.5,3.3,0.471,0.482,0.5,0.5,0.941,0.1,0.8,0.9,1.5,0.3,0,0.7,1,5.8
96,Willie Cauley-Stein,C,28,DAL,18,2,9.8,0.9,1.9,0.457,0.1,0.1,0.5,0.8,1.8,0.455,0.471,0.1,0.1,0.5,0.7,1.4,2.1,0.5,0.3,0.2,0.4,0.9,1.9
101,Marquese Chriss,PF,24,DAL,23,0,11.1,2.1,4.4,0.475,0.3,0.9,0.333,1.8,3.5,0.513,0.51,0.5,0.8,0.632,1,2.5,3.5,0.5,0.5,0.4,0.7,2.1,5
139,Luka Dončić,PG,22,DAL,41,41,35.2,9.5,21.1,0.452,2.6,8,0.324,6.9,13.1,0.53,0.513,5.1,6.9,0.735,0.9,8,8.9,9.1,1.2,0.5,4.4,2.4,26.8
164,Dorian Finney-Smith,PF,28,DAL,55,55,32.6,3.7,8.5,0.436,1.9,5.2,0.363,1.9,3.4,0.548,0.546,0.8,1.2,0.688,1.6,3.3,4.9,1.9,1.2,0.5,1.1,2.3,10.1
203,Josh Green,SG,21,DAL,41,0,13.8,1.8,3.4,0.525,0.2,0.8,0.313,1.6,2.7,0.587,0.56,0.6,0.9,0.714,0.7,1.4,2.1,1.3,0.6,0.2,0.5,1.6,4.5
211,Tim Hardaway Jr.,SG,29,DAL,42,20,29.6,5,12.6,0.394,2.4,7.2,0.336,2.5,5.4,0.473,0.491,1.9,2.5,0.757,0.3,3.4,3.7,2.2,0.9,0.1,0.8,1.8,14.2
299,George King,SF,28,DAL,4,0,4.8,0,1.3,0,0,1,0,0,0.3,0,0,0.3,0.5,0.5,0,1.3,1.3,0,0,0,0.3,1,0.3
302,Maxi Kleber,PF,30,DAL,39,20,25.1,2.6,6.1,0.426,1.7,4.5,0.371,0.9,1.6,0.581,0.563,0.7,0.9,0.778,1.2,4.7,6,1.2,0.5,1,0.7,2.3,7.6
303,Brandon Knight,PG,30,DAL,3,0,18,3,6.7,0.45,1.3,4.3,0.308,1.7,2.3,0.714,0.55,2.7,2.7,1,0,2.3,2.3,2.7,0.3,0,1.3,1.7,10
340,Boban Marjanović,C,33,DAL,17,0,5.8,2.1,3.4,0.632,0.1,0.2,0.333,2.1,3.2,0.648,0.64,0.5,0.9,0.5,0.4,1.4,1.8,0.1,0,0.1,0.6,1.2,4.8
363,JaQuori McLaughlin,PG,24,DAL,4,0,2.8,0,0.5,0,0,0.3,0,0,0.3,0,0,0,0,,0,0,0,0.5,0,0,0,0.3,0
406,Frank Ntilikina,PG,23,DAL,45,5,12.8,1.6,4.1,0.38,0.7,2.1,0.344,0.8,2,0.42,0.47,0.5,0.5,0.958,0.2,1.2,1.4,1.2,0.5,0.1,0.6,1.1,4.4
419,Eugene Omoruyi,SF,24,DAL,4,0,4.5,0.5,1.3,0.4,0.3,0.5,0.5,0.3,0.8,0.333,0.5,0.5,1,0.5,0.5,1.3,1.8,0.5,0,0,0,0.5,1.8
436,Theo Pinson,SF,26,DAL,16,0,7.5,0.6,2,0.281,0.4,1.6,0.24,0.2,0.4,0.429,0.375,0.3,0.3,1,0.1,1.1,1.2,0.8,0.3,0.1,0.1,0.6,1.8
446,Kristaps Porziņģis,PF,26,DAL,34,34,29.5,6.7,14.9,0.451,1.4,5.1,0.283,5.3,9.9,0.537,0.499,4.3,5,0.865,1.9,5.8,7.7,2,0.7,1.7,1.6,2.6,19.2
448,Dwight Powell,C,30,DAL,56,45,20.3,2.8,4.3,0.647,0.2,0.6,0.387,2.5,3.7,0.686,0.672,1.7,2.2,0.756,1.9,2.4,4.4,1.1,0.5,0.4,0.8,2.5,7.4
33,Will Barton,SG,31,DEN,47,47,32.6,5.9,13.4,0.444,2.3,6.2,0.375,3.6,7.1,0.504,0.532,1.3,1.7,0.778,0.7,4.3,5,4.1,0.9,0.5,1.9,1.6,15.6
55,Bol Bol,PF,22,DEN,14,0,5.8,1.1,1.9,0.556,0.1,0.3,0.25,1,1.6,0.609,0.574,0.1,0.4,0.4,0.3,1.1,1.4,0.4,0.1,0.1,0.3,0.3,2.4
89,Facundo Campazzo,PG,30,DEN,51,4,20.1,1.9,5,0.38,1,3.2,0.313,0.9,1.8,0.5,0.48,1,1.3,0.803,0.3,1.5,1.9,3.7,1.1,0.4,1.2,2,5.8
90,Vlatko Čančar,PF,24,DEN,14,1,10.9,1.6,2.8,0.564,0.5,0.9,0.583,1.1,1.9,0.556,0.654,0.6,0.9,0.75,0.4,1.2,1.6,0.9,0.1,0.2,0.6,0.9,4.3
115,Petr Cornelie,PF,26,DEN,13,0,2.9,0.4,1.2,0.333,0.1,0.6,0.125,0.3,0.5,0.571,0.367,0.2,0.3,0.75,0.5,0.5,1.1,0.2,0.1,0.1,0.3,0.5,1.1
146,PJ Dozier,SG,25,DEN,18,0,18.9,2,5.5,0.364,0.8,2.7,0.313,1.2,2.8,0.412,0.439,0.6,0.7,0.769,0.8,2.7,3.5,1.6,0.6,0.3,0.7,1.8,5.4
192,Aaron Gordon,PF,26,DEN,49,49,31.7,5.7,10.9,0.52,1.2,3.5,0.337,4.5,7.4,0.607,0.574,2.2,3,0.733,1.7,4,5.7,2.6,0.7,0.6,1.7,1.8,14.7
200,JaMychal Green,PF,31,DEN,41,7,14.7,2.2,4.9,0.46,0.6,2.1,0.264,1.7,2.8,0.611,0.518,1.2,1.3,0.873,0.9,2.7,3.6,0.9,0.7,0.4,0.9,2.2,6.2
202,Jeff Green,C,35,DEN,50,38,24.6,3.7,7.3,0.514,0.7,2.2,0.321,3,5,0.599,0.563,2.1,2.5,0.817,0.6,2.6,3.1,1.2,0.3,0.4,0.9,2.2,10.3
248,Markus Howard,SG,22,DEN,22,0,6.1,1.2,3.3,0.37,1,2.4,0.434,0.2,0.9,0.2,0.527,0.6,0.6,0.929,0,0.3,0.3,0.3,0.3,0,0.3,0.5,4.1
254,Bones Hyland,PG,21,DEN,42,0,17.7,2.9,7.9,0.366,1.7,4.9,0.348,1.2,3.1,0.395,0.473,1.1,1.3,0.889,0.2,2.5,2.7,2,0.5,0.3,1.2,2.1,8.6
283,Nikola Jokić,C,26,DEN,48,48,32.9,9.9,17.1,0.578,1.6,4.2,0.375,8.3,12.9,0.644,0.624,4.5,5.5,0.816,2.7,11,13.6,7.9,1.4,0.7,3.6,2.5,25.8
387,Monte Morris,PG,26,DEN,51,50,30,5.1,10.8,0.474,1.6,4.3,0.373,3.5,6.5,0.541,0.548,0.8,1,0.843,0.4,2.6,2.9,4.3,0.7,0.2,1,1.2,12.6
403,Zeke Nnaji,PF,21,DEN,38,1,16.4,2.4,4.5,0.547,0.9,1.9,0.493,1.5,2.6,0.588,0.653,1,1.6,0.613,1.4,2.2,3.7,0.3,0.3,0.3,0.5,1.9,6.8
443,Michael Porter Jr.,SF,23,DEN,9,9,29.4,4.1,11.4,0.359,1.1,5.3,0.208,3,6.1,0.491,0.408,0.6,1,0.556,1,5.6,6.6,1.9,1.1,0.2,1.3,1.8,9.9
461,Davon Reed,SG,26,DEN,28,3,14.3,1.6,3.4,0.474,0.8,1.9,0.434,0.8,1.5,0.524,0.595,0.1,0.2,0.8,0.4,2.3,2.6,1,0.6,0.1,0.3,1.4,4.2
466,Austin Rivers,SG,29,DEN,40,13,21.1,2.2,5.5,0.406,1.3,3.6,0.352,1,1.9,0.514,0.523,0.5,0.7,0.704,0.3,1.3,1.6,1.1,0.7,0.1,0.8,1.6,6.2
538,Rayjon Tucker,SG,24,DEN,3,0,9.7,0.3,0.7,0.5,0.3,0.7,0.5,0,0,,0.75,1,1.3,0.75,0.3,1,1.3,1.3,0.3,0,0,1,2
167,Bryn Forbes,SG,28,DEN,51,1,17.7,3.3,7.8,0.425,1.6,3.9,0.41,1.7,3.9,0.439,0.528,1,1.1,0.897,0.1,1.4,1.5,1.1,0.4,0.1,0.8,1.3,9.3
46,Saddiq Bey,SF,22,DET,55,55,33.5,5.4,14,0.383,2.5,7.4,0.338,2.9,6.7,0.432,0.471,2.3,2.8,0.827,1.3,4.4,5.8,2.7,0.9,0.2,1.3,1.7,15.6
122,Cade Cunningham,PG,20,DET,41,41,32,6,15,0.397,2,6.2,0.328,3.9,8.8,0.446,0.465,1.8,2.1,0.86,0.9,4.5,5.5,5.2,1.3,0.7,3.5,3,15.8
134,Cheick Diallo,C,25,DET,3,0,10.3,1,2.7,0.375,0,0,,1,2.7,0.375,0.375,1.7,2,0.833,1.3,2.7,4,0,0.3,0,0.3,2,3.7
135,Hamidou Diallo,SG,23,DET,48,29,22.6,4.6,9.2,0.498,0.4,1.7,0.25,4.1,7.5,0.553,0.52,1.5,2.3,0.667,1.3,3.6,4.9,1.3,1.2,0.3,1,2.6,11.1
181,Luka Garza,C,23,DET,28,5,12,1.9,4.4,0.439,0.5,1.5,0.341,1.4,2.9,0.488,0.496,1,1.5,0.643,1.8,1.3,3.1,0.5,0.3,0.1,0.6,1.7,5.3
195,Jerami Grant,PF,27,DET,30,30,32.5,6.3,15.4,0.408,1.7,5.3,0.323,4.6,10.2,0.452,0.463,4.8,5.8,0.833,0.8,3.7,4.5,2.6,1,1.1,2.1,2.3,19.1
225,Killian Hayes,PG,20,DET,43,33,24.8,2.3,6.4,0.362,0.7,2.6,0.273,1.6,3.9,0.422,0.417,0.9,1.1,0.816,0.4,2.5,3,4,1,0.5,1.7,2.7,6.3
261,Frank Jackson,PG,23,DET,42,5,22.9,3.9,9.5,0.416,1.8,5.6,0.325,2.1,3.9,0.546,0.511,1.5,1.9,0.795,0.3,1.3,1.6,1,0.5,0.2,0.8,1.8,11.1
264,Josh Jackson,SF,24,DET,39,3,18.1,2.6,6.4,0.41,0.8,2.9,0.265,1.9,3.5,0.529,0.47,1,1.4,0.714,0.4,2.7,3.2,1.3,0.5,0.5,1,1.8,7.1
294,Cory Joseph,PG,30,DET,44,18,24.1,2.9,6.3,0.452,1,2.4,0.429,1.8,4,0.466,0.532,1.5,1.8,0.848,0.4,2,2.4,3.9,0.7,0.3,1.4,2.1,8.3
320,Saben Lee,PG,22,DET,27,0,14.9,1.7,4.5,0.38,0.4,1.6,0.273,1.3,2.9,0.442,0.43,1.2,1.6,0.767,0.4,2.1,2.4,2.4,0.9,0.4,0.9,0.9,5.1
327,Isaiah Livers,SF,23,DET,1,0,5,0,2,0,0,2,0,0,0,,0,0,0,,0,0,0,0,1,1,1,1,0
335,Trey Lyles,PF,26,DET,51,3,19.4,3.4,7.5,0.456,0.9,2.9,0.301,2.6,4.7,0.55,0.513,2.7,3.5,0.784,1.2,3.6,4.8,1.1,0.4,0.5,1.1,1.8,10.4
361,Rodney McGruder,SG,30,DET,30,1,13.6,1.6,3.7,0.441,0.8,2.1,0.391,0.8,1.6,0.511,0.554,0.3,0.5,0.714,0.6,1.4,2,0.8,0.4,0.1,0.4,1,4.4
418,Kelly Olynyk,C,30,DET,18,1,20.6,3.6,9.1,0.399,1,3.7,0.269,2.6,5.3,0.49,0.454,1.7,2.6,0.66,1.4,3.4,4.9,2.9,0.9,0.6,1.6,2.6,9.9
424,Jaysean Paige,PG,27,DET,1,0,7,0,3,0,0,2,0,0,1,0,0,0,0,,0,1,1,1,0,0,1,2,0
425,Trayvon Palmer,SG,27,DET,1,0,17,0,1,0,0,0,,0,1,0,0,0,0,,0,2,2,0,0,0,1,2,0
435,Jamorko Pickett,PF,24,DET,6,0,7.8,0.2,1.7,0.1,0.2,1.2,0.143,0,0.5,0,0.15,0,0,,0.3,1.2,1.5,0.2,0,0.2,0.5,0.5,0.5
447,Micah Potter,C,23,DET,3,0,10.3,1.7,3.7,0.455,0,0.7,0,1.7,3,0.556,0.455,0.7,0.7,1,1.3,1.7,3,0,0.3,0.3,0.3,1.3,4
496,Deividas Sirvydis,SG,21,DET,3,0,9,0.3,3.3,0.1,0.3,2.3,0.143,0,1,0,0.15,0,0,,0,2,2,0.3,1,0.3,0,1.3,1
505,Cassius Stanley,SG,22,DET,9,1,17.2,2.1,5.1,0.413,0.4,1.9,0.235,1.7,3.2,0.517,0.457,1.1,1.1,1,0.6,1.6,2.1,0.4,0.6,0.2,0.7,1.9,5.8
509,Isaiah Stewart,C,20,DET,47,47,25.8,3.5,6.7,0.522,0.1,0.5,0.125,3.4,6.2,0.555,0.527,0.9,1.4,0.657,3,5.4,8.4,1.1,0.3,1.1,1.3,3,8
554,Derrick Walton,PG,26,DET,3,3,36,2,8.7,0.231,1,4.3,0.231,1,4.3,0.231,0.288,1.3,1.3,1,0.7,2.7,3.3,7,2.3,1.3,3.7,2.7,6.3
50,Nemanja Bjelica,C,33,GSW,50,0,15.5,2.3,5.2,0.448,0.8,2.4,0.336,1.5,2.8,0.543,0.525,0.9,1.2,0.71,0.9,3.2,4.1,1.9,0.6,0.3,1.2,1.7,6.3
100,Chris Chiozza,PG,26,GSW,26,1,10.7,0.7,2.5,0.292,0.6,1.7,0.372,0.1,0.8,0.136,0.415,0,0,1,0.3,0.8,1.2,1.8,0.3,0,0.8,0.9,2.1
124,Stephen Curry,PG,33,GSW,51,51,34.7,8.3,19.7,0.422,4.7,12.5,0.38,3.6,7.2,0.496,0.542,4.4,4.8,0.914,0.6,4.8,5.4,6.4,1.4,0.4,3.3,2.1,25.7
198,Draymond Green,PF,31,GSW,34,34,29.9,3.2,5.9,0.537,0.4,1.2,0.286,2.8,4.7,0.604,0.567,1.2,2,0.597,1.1,6.4,7.6,7.4,1.4,1.2,3.1,2.8,7.9
256,Andre Iguodala,SF,38,GSW,26,0,19.9,1.5,3.9,0.392,0.5,2.3,0.23,1,1.6,0.634,0.461,0.5,0.6,0.813,0.7,2.6,3.3,3.8,0.8,0.8,0.9,1,4.1
311,Jonathan Kuminga,SF,19,GSW,44,5,13.8,2.7,5.5,0.494,0.6,1.9,0.317,2.1,3.7,0.584,0.547,1.5,2.4,0.648,0.6,2.1,2.7,0.7,0.4,0.2,0.9,1.7,7.6
319,Damion Lee,SG,29,GSW,45,3,20.4,2.9,6.4,0.455,1.2,3.2,0.372,1.7,3.2,0.538,0.549,0.9,1,0.851,0.4,2.7,3.1,0.9,0.6,0.1,0.6,1.4,7.9
328,Kevon Looney,C,25,GSW,56,56,21.2,2.6,4.7,0.553,0,0,0,2.6,4.7,0.556,0.553,1.1,1.6,0.659,2.7,4.8,7.5,1.6,0.6,0.8,0.9,2.7,6.3
379,Moses Moody,SG,19,GSW,33,4,9.4,1.1,2.9,0.381,0.5,1.8,0.305,0.6,1.2,0.5,0.474,0.4,0.5,0.824,0.2,1.2,1.4,0.3,0.1,0.2,0.2,0.7,3.2
432,Gary Payton II,PG,29,GSW,53,9,16.6,2.9,4.7,0.621,0.6,1.7,0.371,2.3,3,0.761,0.688,0.5,0.9,0.587,1,2.6,3.6,0.8,1.3,0.3,0.5,1.6,6.9
441,Jordan Poole,SG,22,GSW,50,35,29.1,5.6,12.9,0.439,2.4,7.1,0.34,3.2,5.8,0.559,0.532,2.9,3.1,0.923,0.4,2.7,3.1,3.4,0.8,0.3,2.3,2.6,16.6
444,Otto Porter Jr.,PF,28,GSW,45,13,21.6,3.2,6.8,0.475,1.5,3.8,0.399,1.7,2.9,0.576,0.589,0.5,0.7,0.727,1,4.2,5.1,1.6,1.1,0.5,0.5,1.3,8.5
526,Klay Thompson,SG,31,GSW,13,13,24.3,6.1,14.3,0.425,2.8,7.6,0.374,3.2,6.7,0.483,0.524,1.7,1.7,1,0.5,3.2,3.6,3.2,0.6,0.5,1.5,1.4,16.7
534,Juan Toscano-Anderson,SF,28,GSW,54,5,14.9,1.8,3.7,0.493,0.4,1.3,0.306,1.4,2.4,0.597,0.547,0.6,1.1,0.596,0.5,2.2,2.7,1.9,0.7,0.3,1.1,1.6,4.7
562,Quinndary Weatherspoon,SG,25,GSW,5,0,6.6,1.2,2,0.6,0,0.2,0,1.2,1.8,0.667,0.6,0.4,0.4,1,0.2,1,1.2,0.4,0.2,0.2,0.6,1.4,2.8
569,Andrew Wiggins,SF,26,GSW,51,51,31.7,6.8,14,0.483,2.3,5.5,0.416,4.5,8.5,0.526,0.564,2.2,3.2,0.671,1,3.3,4.3,2.2,1,0.7,1.5,1.9,18
18,D.J. Augustin,PG,34,HOU,34,2,15,1.6,4,0.404,1.1,2.8,0.406,0.5,1.2,0.4,0.548,1,1.1,0.868,0.2,1,1.2,2.2,0.3,0,1.3,0.5,5.4
69,Armoni Brooks,SG,23,HOU,41,8,16.8,2.1,6.1,0.347,1.6,5.2,0.3,0.6,0.9,0.605,0.474,0.4,0.5,0.842,0.3,1.7,2,1.2,0.5,0.2,0.6,1.5,6.2
102,Josh Christopher,SG,20,HOU,47,2,16.6,2.9,6.1,0.467,0.8,2.4,0.339,2,3.7,0.549,0.533,1,1.4,0.766,0.7,1.4,2,1.7,0.9,0.1,1.4,1.1,7.6
180,Usman Garuba,PF,19,HOU,15,0,7,0.5,1.6,0.333,0.1,0.9,0.154,0.4,0.7,0.545,0.375,0.1,0.1,0.5,0.6,1.7,2.3,0.5,0.5,0.4,0.2,0.6,1.3
193,Eric Gordon,SG,33,HOU,45,34,29.5,5,10.2,0.491,2.2,5.2,0.427,2.8,5,0.558,0.6,1.9,2.6,0.757,0.3,1.7,2,3,0.5,0.4,2,1,14.2
199,Jalen Green,SG,19,HOU,40,40,30.3,4.8,12.6,0.381,1.8,6.1,0.295,3,6.5,0.462,0.452,3,3.6,0.828,0.4,2.9,3.3,2.4,0.6,0.2,2.3,1.5,14.4
346,Kenyon Martin Jr.,SF,21,HOU,52,0,19.6,3.4,6.4,0.527,0.5,1.8,0.298,2.8,4.6,0.617,0.569,1,1.6,0.635,1.2,2.8,3.9,1.3,0.5,0.5,0.8,1.3,8.3
347,Garrison Mathews,SG,25,HOU,38,18,27.5,3.3,8,0.416,2.5,6.6,0.378,0.8,1.4,0.596,0.573,2.7,3.3,0.808,0.6,2.9,3.5,1,0.7,0.3,0.6,2.9,11.8
402,Daishen Nix,SG,19,HOU,8,0,8.4,1.6,2.5,0.65,0.4,0.9,0.429,1.3,1.6,0.769,0.725,0.1,0.4,0.333,0.1,1.1,1.3,1.3,0.9,0,1.1,0.4,3.8
408,David Nwaba,SF,29,HOU,35,4,13.9,2,4.2,0.473,0.3,1.1,0.27,1.7,3.1,0.541,0.507,1.1,1.5,0.717,0.9,2.9,3.8,0.8,0.6,0.5,0.5,1.2,5.3
442,Kevin Porter Jr.,PG,21,HOU,38,38,30.1,4.8,11.9,0.403,2.3,6,0.38,2.5,5.9,0.426,0.499,2,3.2,0.62,0.7,3.2,3.9,6.1,1.2,0.3,3.6,2.6,13.8
454,Trevelin Queen,SG,24,HOU,8,0,8.6,1.6,3.6,0.448,1,2.8,0.364,0.6,0.9,0.714,0.586,0.4,0.4,1,0.6,1.1,1.8,0.4,0.6,0,0.9,0.8,4.6
487,Alperen Şengün,C,19,HOU,47,4,18.7,3,6.3,0.477,0.3,1.2,0.259,2.7,5.1,0.529,0.502,2.3,3.2,0.697,1.7,3,4.7,2.5,0.8,1,2,2.9,8.6
514,Jae'Sean Tate,SF,26,HOU,53,52,27.5,4.8,9.7,0.5,0.8,2.6,0.297,4.1,7.1,0.575,0.54,1.9,2.7,0.699,1.7,3.8,5.6,3.1,1,0.6,1.9,3.7,12.3
521,Daniel Theis,C,29,HOU,26,21,22.5,3.2,6.9,0.469,0.9,3,0.291,2.3,3.8,0.61,0.534,1,1.5,0.675,1.2,3.8,5,0.8,0.4,0.7,1.2,2.4,8.4
582,Christian Wood,C,26,HOU,52,51,31.1,6.5,13.4,0.483,1.8,5,0.369,4.6,8.4,0.55,0.552,2.9,4.7,0.618,1.8,8.5,10.3,2.2,0.8,1,1.9,2.5,17.7
246,Danuel House Jr.,SF,28,HOU,24,2,15.5,1.8,4.8,0.386,0.8,2.5,0.339,1,2.3,0.436,0.474,1.1,1.4,0.818,0.3,2.2,2.5,1.3,0.4,0.3,0.9,1,5.6
48,Goga Bitadze,C,22,IND,32,5,11.2,1.8,4.1,0.443,0.3,1.4,0.178,1.6,2.7,0.581,0.473,0.9,1.4,0.63,1.4,1.5,2.8,0.6,0.4,0.7,0.8,1.7,4.8
67,Oshae Brissett,SF,23,IND,43,1,19.1,2.2,5.5,0.403,0.8,2.5,0.333,1.4,3,0.462,0.479,1.1,1.7,0.658,1.3,3.1,4.4,0.7,0.6,0.3,0.7,1.4,6.4
68,Malcolm Brogdon,PG,29,IND,28,28,33.4,6.6,14.7,0.448,1.6,5.4,0.307,4.9,9.3,0.529,0.504,3.8,4.4,0.861,0.9,4.3,5.1,5.9,0.9,0.4,2.2,2,18.5
97,Ahmad Caver,PG,25,IND,1,0,1,1,1,1,0,0,,1,1,1,1,0,0,,0,0,0,0,0,0,0,0,2
118,Torrey Craig,SF,31,IND,51,14,20.3,2.5,5.5,0.456,0.9,2.7,0.333,1.6,2.8,0.573,0.537,0.5,0.7,0.771,1.2,2.7,3.8,1.1,0.5,0.4,0.8,1.9,6.5
149,Chris Duarte,SG,24,IND,48,36,29,5.1,11.7,0.435,1.7,4.8,0.359,3.4,6.9,0.488,0.509,1.7,2.1,0.792,0.7,3.5,4.2,2.2,1.1,0.2,1.6,1.7,13.6
236,Nate Hinton,SG,22,IND,2,0,1,0,0.5,0,0,0,,0,0.5,0,0,0,0,,0,0,0,0,0,0,0.5,0,0
262,Isaiah Jackson,PF,20,IND,19,2,9.5,2.1,4,0.526,0.2,0.4,0.429,1.9,3.6,0.536,0.546,1.1,1.6,0.677,1.2,1.6,2.8,0.4,0.4,0.8,0.5,1.8,5.5
268,DeJon Jarreau,SG,24,IND,1,0,1,0,0,,0,0,,0,0,,,0,0,,0,0,0,0,0,0,0,0,0
345,Kelan Martin,SF,26,IND,27,1,16.4,2.6,6.2,0.417,0.8,2.7,0.297,1.8,3.5,0.511,0.482,0.3,0.5,0.692,0.6,1.4,2,0.8,0.5,0.3,0.5,1.3,6.3
355,T.J. McConnell,PG,29,IND,24,6,24.2,3.8,7.5,0.503,0.3,1,0.28,3.5,6.5,0.538,0.522,0.5,0.6,0.8,0.8,2.5,3.3,4.8,1,0.4,1.2,1.8,8.4
513,Keifer Sykes,PG,28,IND,18,10,19.6,2.4,6.7,0.367,0.9,3.1,0.304,1.5,3.6,0.422,0.438,0.7,0.8,0.857,0.3,1.6,1.9,2.1,0.4,0.2,1.3,2,6.5
516,Terry Taylor,SG,22,IND,10,1,16.6,3.7,6.7,0.552,0.4,0.7,0.571,3.3,6,0.55,0.582,0.8,1,0.8,3.5,3.1,6.6,1.6,0.1,0.2,0.4,1.8,8.6
539,Myles Turner,C,25,IND,42,42,29.4,4.8,9.4,0.509,1.5,4.4,0.333,3.3,5,0.662,0.587,1.9,2.5,0.752,1.5,5.5,7.1,1,0.7,2.8,1.3,2.8,12.9
556,Duane Washington Jr.,PG,21,IND,24,7,21,3.6,9.3,0.384,1.7,4.8,0.348,1.9,4.5,0.422,0.473,0.9,1.1,0.808,0.1,2,2,2,0.5,0,1,1.3,9.7
240,Justin Holiday,SF-SG,32,IND,50,41,28.9,3.8,9.4,0.409,2.5,6.8,0.371,1.3,2.5,0.512,0.545,0.7,0.9,0.837,0.4,2.4,2.7,1.9,0.8,0.4,1.1,2.1,10.9
314,Jeremy Lamb,SF-SG,29,IND,40,0,16.1,2.2,6,0.372,1.1,3.1,0.336,1.2,2.9,0.412,0.46,1.8,2.1,0.843,0.4,2.1,2.5,1.4,0.6,0.4,0.6,1.1,7.3
322,Caris LeVert,SG,27,IND,40,39,31.1,7.1,15.8,0.445,1.6,4.8,0.323,5.5,11,0.499,0.494,2.8,3.7,0.764,0.8,3,3.8,4.4,0.9,0.5,1.9,2.3,18.5
478,Domantas Sabonis,C-PF,25,IND,48,47,34.7,7.1,12.3,0.578,0.7,2.3,0.321,6.4,10,0.636,0.608,4,5.4,0.739,3.3,8.8,12.1,5,1,0.5,3.1,3.1,19
507,Lance Stephenson,SG-SF,31,IND,26,1,17.1,3,6.7,0.451,0.5,2.1,0.259,2.5,4.6,0.538,0.491,1.3,1.6,0.786,0.4,2.5,2.9,3.7,0.4,0,1.6,1.9,7.8
37,Nicolas Batum,PF,33,LAC,36,31,25,3.2,6.6,0.489,1.9,4.8,0.409,1.3,1.8,0.697,0.637,0.4,0.7,0.667,0.5,3.9,4.4,1.6,1,0.8,0.8,1.4,8.8
51,Eric Bledsoe,PG,32,LAC,54,29,25.2,3.6,8.7,0.421,0.9,3,0.313,2.7,5.6,0.479,0.475,1.6,2.2,0.761,0.5,2.9,3.4,4.2,1.3,0.4,2.1,1.6,9.9
59,Brandon Boston Jr.,SG,20,LAC,39,0,15.5,2.4,6.6,0.363,0.7,2.3,0.289,1.7,4.3,0.404,0.414,1.2,1.4,0.855,0.3,2,2.4,0.9,0.5,0.3,0.7,0.9,6.6
107,Amir Coffey,SG,24,LAC,44,20,21.9,2.8,6,0.455,1.4,3.6,0.392,1.3,2.5,0.546,0.571,1.5,1.7,0.89,0.5,2.5,3,1.6,0.5,0.2,0.5,1.3,8.4
183,Paul George,SF,31,LAC,26,26,35.5,9,21.4,0.421,2.7,8.3,0.323,6.3,13,0.484,0.484,4,4.5,0.88,0.4,6.7,7.1,5.5,2,0.4,4.2,2.5,24.7
221,Isaiah Hartenstein,C,23,LAC,43,0,15.8,3.1,5,0.618,0.1,0.1,0.5,3,4.9,0.621,0.624,1.1,1.7,0.681,1.6,2.7,4.3,1.8,0.7,1.1,1,2.4,7.4
255,Serge Ibaka,C,32,LAC,35,10,15.4,2.7,5.5,0.49,0.7,1.8,0.387,2,3.7,0.538,0.552,0.6,0.8,0.69,1.1,3.1,4.3,1,0.2,0.7,0.9,1.6,6.6
266,Reggie Jackson,SG,31,LAC,53,53,30.5,6.2,15.7,0.395,2.3,7.1,0.329,3.9,8.6,0.45,0.469,1.8,2.1,0.855,0.5,2.9,3.4,4.2,0.7,0.1,2.2,2,16.5
280,Keon Johnson,SG,19,LAC,15,0,9,1.1,3.4,0.333,0.2,0.7,0.273,0.9,2.7,0.35,0.363,1.1,1.4,0.762,0.4,1,1.4,0.9,0.5,0.1,0.5,1.4,3.5
297,Luke Kennard,SG,25,LAC,47,10,28.1,4,9.2,0.438,2.7,6.2,0.431,1.4,3.1,0.451,0.582,1,1.1,0.882,0.2,3.3,3.6,2.2,0.6,0.1,0.8,1.6,11.7
338,Terance Mann,SF,25,LAC,56,20,28.6,3.9,8.2,0.475,1,2.7,0.362,2.9,5.4,0.531,0.535,1.3,1.8,0.755,1.3,3.8,5.1,2.4,0.7,0.1,1,2.2,10.1
380,Xavier Moon,SG,27,LAC,6,0,13.8,2.3,5.7,0.412,0.5,1.7,0.3,1.8,4,0.458,0.456,0.3,0.5,0.667,0.2,1.3,1.5,1.7,0.8,0.2,0.5,0.7,5.5
385,Marcus Morris,PF,32,LAC,32,32,30,5.7,13.2,0.429,2.1,5.4,0.387,3.6,7.8,0.458,0.508,2.3,2.8,0.83,0.6,4.4,5,2.2,0.5,0.3,1.3,2.3,15.7
485,Jay Scrubb,SG,21,LAC,18,0,6.7,1,2.6,0.391,0.3,1.2,0.286,0.7,1.4,0.48,0.457,0.4,0.6,0.7,0.1,0.8,0.9,0.4,0.2,0.2,0.4,0.5,2.7
586,Moses Wright,PF,23,LAC,1,0,1,0,0,,0,0,,0,0,,,0,0,,0,0,0,1,0,0,0,0,0
591,Ivica Zubac,C,24,LAC,51,51,24,3.6,5.5,0.65,0,0,,3.6,5.5,0.65,0.65,2.3,3.1,0.725,2.5,5.3,7.9,1.3,0.4,1,1.4,2.5,9.4
580,Justise Winslow,SF,25,LAC,40,3,14.1,1.9,4.2,0.45,0.2,1,0.171,1.7,3.2,0.539,0.47,0.7,1.1,0.605,0.8,3.1,3.9,1.5,0.7,0.5,1.1,1.3,4.6
14,Carmelo Anthony,PF,37,LAL,50,3,26.5,4.6,10.5,0.437,2.3,5.9,0.392,2.3,4.6,0.496,0.548,2,2.4,0.824,0.8,3.3,4.2,1,0.7,0.8,0.9,2.2,13.4
17,Trevor Ariza,SF,36,LAL,18,8,19.4,1.4,3.8,0.362,1.1,3.2,0.333,0.3,0.7,0.5,0.5,0.4,0.6,0.7,0.3,3.1,3.3,1.3,0.6,0.2,0.4,1,4.2
38,Kent Bazemore,SF,32,LAL,31,14,14.7,1.3,3.8,0.328,0.7,2.1,0.354,0.5,1.7,0.296,0.424,0.4,0.5,0.765,0.3,1.5,1.7,0.9,0.6,0.2,0.3,1.8,3.7
62,Avery Bradley,SG,31,LAL,48,41,23.7,2.5,6.1,0.41,1.4,3.6,0.376,1.1,2.5,0.458,0.52,0.3,0.3,0.857,0.5,1.8,2.3,0.8,0.9,0.2,0.7,1.9,6.6
110,Darren Collison,PG,34,LAL,3,0,12.3,0.7,2.3,0.286,0,1,0,0.7,1.3,0.5,0.286,0,0,,0,1.3,1.3,0.7,0.3,0,0.3,1.7,1.3
125,Anthony Davis,C,28,LAL,35,35,35.6,9.4,17.5,0.537,0.3,1.8,0.172,9.1,15.7,0.579,0.546,4.4,6.1,0.712,2.9,7.1,10,2.9,1.3,2.3,2.2,2.5,23.5
144,Sekou Doumbouya,PF,21,LAL,2,0,8,2.5,4,0.625,0.5,1,0.5,2,3,0.667,0.688,1.5,2,0.75,1,2,3,0,1.5,1,1,0.5,7
157,Wayne Ellington,SG,34,LAL,34,9,19.3,2.1,5.4,0.399,1.9,4.9,0.392,0.2,0.5,0.471,0.577,0.1,0.1,0.8,0.3,1.4,1.7,0.7,0.5,0.1,0.4,1,6.3
245,Talen Horton-Tucker,SG,21,LAL,40,15,25.7,3.6,8.8,0.41,0.8,3,0.269,2.8,5.8,0.483,0.456,1.5,1.9,0.797,0.6,2.7,3.2,2.7,0.9,0.5,1.5,2.5,9.5
247,Dwight Howard,C,36,LAL,41,11,14.5,1.9,3,0.621,0.1,0.2,0.667,1.7,2.8,0.617,0.645,1.3,2.1,0.612,1.9,3.5,5.4,0.5,0.7,0.6,0.8,2,5.2
250,Jay Huff,C,23,LAL,4,0,5,0,0.8,0,0,0.5,0,0,0.3,0,0,0,0,,0.3,0.8,1,0.3,0.3,0.3,0.3,0.3,0
267,LeBron James,SF,37,LAL,39,39,36.7,11,21,0.526,2.8,7.8,0.354,8.3,13.2,0.628,0.592,4.2,5.6,0.753,1.1,6.6,7.7,6.5,1.6,1,3.2,2.3,29.1
281,Stanley Johnson,PF,25,LAL,22,12,22.4,2.5,5.1,0.487,0.7,2.3,0.32,1.8,2.9,0.619,0.558,1,1.4,0.677,0.7,2.6,3.3,1.3,0.8,0.5,0.6,3,6.7
288,Jemerrio Jones,SF,26,LAL,2,0,7.5,1,1.5,0.667,0,0,,1,1.5,0.667,0.667,0,0,,1,0.5,1.5,0,0.5,0,0,1,2
290,Mason Jones,SG,23,LAL,2,0,4.5,1,4,0.25,0,1,0,1,3,0.333,0.25,0.5,1,0.5,0.5,0.5,1,0,0.5,0,0.5,0.5,2.5
293,DeAndre Jordan,C,33,LAL,31,19,12.9,1.9,2.8,0.67,0,0,,1.9,2.8,0.67,0.67,0.4,0.8,0.48,1.6,3.9,5.5,0.4,0.3,0.8,0.6,1.6,4.2
377,Malik Monk,SG,23,LAL,50,18,27.2,4.8,10.1,0.47,2.3,5.7,0.403,2.5,4.5,0.556,0.583,1.2,1.5,0.787,0.4,2.9,3.3,2.5,0.7,0.4,1.4,1.6,13
459,Austin Reaves,SG,23,LAL,37,0,21.1,2,4.2,0.471,0.8,2.4,0.322,1.2,1.8,0.672,0.564,1.1,1.4,0.824,0.6,2,2.6,1.2,0.3,0.2,0.5,1.4,5.9
563,Russell Westbrook,PG,33,LAL,55,55,34.6,6.9,15.9,0.435,1,3.5,0.298,5.9,12.5,0.473,0.467,3.4,5.1,0.665,1.4,6.5,7.8,7.6,1.1,0.3,4.1,3,18.3
472,Rajon Rondo,PG,35,LAL,29,0,17.8,1.7,4.8,0.343,0.7,2.3,0.313,0.9,2.5,0.37,0.418,0.5,0.6,0.824,0.4,2.4,2.9,4.1,0.8,0.2,1.9,1.5,4.5
2,Steven Adams,C,28,MEM,53,52,26.1,2.6,4.9,0.534,0,0,,2.6,4.9,0.534,0.534,1.5,2.7,0.573,4.4,5.2,9.6,3.2,0.9,0.6,1.6,1.7,6.8
4,Santi Aldama,PF,21,MEM,27,0,10.3,1.4,3.6,0.381,0.1,1.4,0.103,1.2,2.1,0.569,0.402,0.4,0.7,0.6,0.9,1.5,2.4,0.5,0.1,0.3,0.3,1,3.3
11,Kyle Anderson,PF,28,MEM,44,8,22.3,3.2,7.3,0.435,0.6,1.8,0.338,2.6,5.6,0.465,0.475,1.1,1.6,0.653,1,4.4,5.4,2.6,1.1,0.6,1,1.6,8
27,Desmond Bane,SF,23,MEM,53,53,30,6.6,14.4,0.461,2.8,6.8,0.412,3.8,7.5,0.506,0.559,1.6,1.8,0.892,0.6,3.9,4.5,2.5,1.1,0.5,1.5,2.5,17.6
70,Dillon Brooks,SF,26,MEM,21,20,28,6.9,16.2,0.426,1.6,4.8,0.327,5.3,11.4,0.469,0.475,3,3.4,0.889,0.8,2.5,3.3,2.7,1.3,0.2,1.8,3.3,18.4
81,Shaq Buchanan,PG,25,MEM,2,0,5,0.5,2,0.25,0,1,0,0.5,1,0.5,0.25,0,0,,0.5,0.5,1,1,0.5,0,1,0.5,1
104,Brandon Clarke,PF,25,MEM,42,1,18.7,4.3,6.7,0.65,0.1,0.4,0.222,4.2,6.2,0.679,0.657,1.4,2,0.698,2,3.3,5.3,1.5,0.5,1.1,0.5,1.7,10.2
120,Jarrett Culver,SG,22,MEM,26,0,9.1,1.5,3.5,0.424,0.4,1.2,0.323,1.1,2.3,0.475,0.478,0.4,0.8,0.524,0.3,1.1,1.5,1,0.5,0.1,0.4,1,3.8
263,Jaren Jackson Jr.,PF,22,MEM,56,56,27.9,5.7,13.6,0.421,1.7,5.3,0.321,4,8.3,0.486,0.484,3.6,4.4,0.806,1.5,4.5,6,1.1,1,2.2,1.7,3.4,16.8
269,DaQuan Jeffries,SG,24,MEM,3,0,3,0.3,0.7,0.5,0,0.3,0,0.3,0.3,1,0.5,0,0,,0,0.7,0.7,0.3,0,0,0,0.3,0.7
292,Tyus Jones,PG,25,MEM,50,13,20.6,3.2,6.9,0.458,0.9,2.5,0.363,2.3,4.4,0.511,0.523,0.7,0.8,0.875,0.3,2.3,2.5,4.1,0.9,0,0.7,0.4,7.9
306,John Konchar,SG,25,MEM,49,6,18.4,1.8,3.6,0.506,0.7,1.7,0.424,1.1,1.8,0.584,0.609,0.4,0.7,0.606,1.2,3.3,4.4,1.4,0.7,0.3,0.4,1.3,4.7
348,Dakota Mathias,SG,26,MEM,6,0,2.7,0.3,1,0.333,0.3,1,0.333,0,0,,0.5,0,0,,0,0.3,0.3,0.2,0.2,0,0,0.2,1
366,De'Anthony Melton,SG,23,MEM,48,13,22.9,3.6,9.4,0.385,1.6,4.8,0.341,2,4.6,0.432,0.472,1,1.5,0.69,1,3.5,4.5,2.8,1.6,0.6,1.4,1.8,9.9
367,Sam Merrill,SG,25,MEM,6,0,9.7,1.3,4,0.333,1.2,3.8,0.304,0.2,0.2,1,0.479,0.3,0.7,0.5,0.2,1,1.2,0.7,0,0,0.3,0.5,4.2
382,Ja Morant,PG,22,MEM,44,44,33.1,9.9,20.2,0.492,1.5,4.5,0.34,8.4,15.7,0.536,0.53,5,6.6,0.757,1.4,4.5,5.9,6.8,1.3,0.4,3.5,1.4,26.4
440,Yves Pons,SF,22,MEM,7,0,3.1,0.1,0.4,0.333,0.1,0.1,1,0,0.3,0,0.5,0,0.3,0,0.3,0.4,0.7,0,0,0,0,0.3,0.4
502,Xavier Sneed,SF,24,MEM,2,0,4,0,1,0,0,1,0,0,0,,0,0,0,,0.5,0.5,1,0,0,0,0,1,0
519,Tyrell Terry,PG,21,MEM,2,0,1.5,0.5,0.5,1,0,0,,0.5,0.5,1,1,0,0,,0,0,0,0,0,0,0,0.5,1
520,Jon Teske,C,24,MEM,3,0,2.7,0,0.3,0,0,0,,0,0.3,0,0,0,0.7,0,0,0.7,0.7,0.3,0.3,0,0,0.3,0
530,Killian Tillie,C,23,MEM,32,3,13.3,1.3,3.6,0.362,0.8,2.4,0.338,0.5,1.2,0.41,0.474,0.2,0.3,0.625,0.6,1.1,1.7,0.6,0.7,0.4,0.3,1.7,3.6
531,Xavier Tillman Sr.,PF,23,MEM,39,0,13.1,1.8,3.9,0.451,0.2,0.9,0.2,1.6,3,0.525,0.474,0.8,1.2,0.646,1.2,1.8,3,1,1.1,0.4,0.7,1.3,4.5
577,Ziaire Williams,SF,20,MEM,37,16,21.5,2.9,6.6,0.439,1.1,3.8,0.291,1.8,2.8,0.641,0.523,0.5,0.6,0.864,0.3,1.5,1.8,0.9,0.5,0.2,0.6,1.9,7.4
3,Bam Adebayo,C,24,MIA,31,31,32.9,7,13.5,0.523,0,0.1,0,7,13.4,0.527,0.523,4.6,5.9,0.772,2.8,7.2,10,3.5,1.6,0.6,2.9,3.1,18.6
86,Jimmy Butler,SF,32,MIA,37,37,33.8,7.3,14.7,0.494,0.4,1.8,0.209,6.9,12.9,0.533,0.506,7.1,7.9,0.894,1.9,4.4,6.2,6.1,1.9,0.5,2.1,1.4,22
129,Dewayne Dedmon,C,32,MIA,49,15,16.5,2.6,4.4,0.583,0.3,0.6,0.517,2.3,3.9,0.593,0.617,1.1,1.4,0.786,1.8,4.4,6.2,0.8,0.4,0.6,1.1,2.4,6.6
179,Marcus Garrett,SG,23,MIA,12,0,10.7,0.4,1.8,0.238,0.1,0.3,0.25,0.3,1.4,0.235,0.262,0.2,0.4,0.4,0.8,1.2,1.9,0.6,0.4,0.3,0.2,1.3,1.1
206,Kyle Guy,SG,24,MIA,15,0,11.7,1.7,4,0.433,0.9,2.3,0.4,0.8,1.7,0.48,0.55,0.5,0.7,0.7,0.1,0.7,0.9,1.1,0.5,0.1,0.8,0.8,4.9
222,Udonis Haslem,C,41,MIA,9,0,6.3,1.2,2.4,0.5,0.1,0.2,0.5,1.1,2.2,0.5,0.523,0.3,0.3,1,0.4,1.6,2,0.3,0.1,0.1,0.3,1.2,2.9
230,Tyler Herro,SG,22,MIA,45,10,32.9,7.5,17.4,0.428,2.6,6.8,0.378,4.9,10.6,0.46,0.502,2.6,3,0.873,0.6,4.2,4.8,4,0.6,0.2,2.8,1.5,20.1
232,Haywood Highsmith,SF,25,MIA,4,0,10.5,1,2,0.5,1,1.8,0.571,0,0.3,0,0.75,0,0,,0.5,0.8,1.3,0,0,0.3,0,0.8,3
333,Kyle Lowry,PG,35,MIA,43,43,33.9,4.3,10.3,0.419,2.1,6.2,0.343,2.2,4.2,0.531,0.521,2.2,2.6,0.85,0.6,3.9,4.5,8.1,1.2,0.3,3,2.7,13
343,Caleb Martin,SF,26,MIA,44,10,22.9,3.7,7.2,0.506,1,2.6,0.379,2.7,4.6,0.579,0.575,1.2,1.6,0.739,1.3,2.7,4,1,1,0.5,0.8,1.6,9.5
386,Markieff Morris,PF,32,MIA,10,0,18.7,3.2,7,0.457,0.8,2.2,0.364,2.4,4.8,0.5,0.514,0.5,0.5,1,1.3,1.5,2.8,1.4,0.3,0.1,1.2,2.2,7.7
416,KZ Okpala,PF,22,MIA,21,0,11.6,1.4,3.3,0.435,0.4,1.2,0.346,1,2,0.488,0.5,0.4,0.5,0.727,0.5,1.4,2,0.7,0.2,0.3,0.2,1.2,3.7
467,Duncan Robinson,SG,27,MIA,53,48,27.4,3.9,10,0.393,3,8.4,0.358,0.9,1.6,0.576,0.543,0.7,0.8,0.822,0.4,2.6,3,1.5,0.6,0.2,0.9,2.6,11.6
506,Nik Stauskas,SG,28,MIA,2,0,12,1.5,4,0.375,1,2,0.5,0.5,2,0.25,0.5,1.5,2,0.75,0.5,1,1.5,0.5,0,0,0,0.5,5.5
510,Max Strus,SF,25,MIA,44,9,24.2,3.8,8.7,0.442,2.7,6.6,0.408,1.2,2.1,0.548,0.597,0.7,1,0.762,0.4,2.8,3.3,1.3,0.3,0.2,0.8,1.7,11.1
537,P.J. Tucker,PF,36,MIA,49,48,28.3,3.1,6.3,0.498,1.4,3.1,0.467,1.7,3.2,0.529,0.612,0.7,1,0.723,1.4,4,5.4,2.1,0.8,0.2,1,2.4,8.4
545,Gabe Vincent,PG,25,MIA,47,19,24,3.3,7.8,0.427,1.9,4.9,0.39,1.4,2.9,0.489,0.549,0.7,0.9,0.814,0.4,1.6,2,3.3,1,0.2,1.6,2.5,9.3
589,Omer Yurtseven,C,23,MIA,40,10,14.1,2.6,4.9,0.526,0,0.2,0.143,2.5,4.7,0.54,0.528,0.8,1.3,0.635,1.7,4.2,5.9,1.1,0.4,0.5,0.9,1.7,6
7,Grayson Allen,SG,26,MIL,47,46,28.1,4,9.5,0.427,2.5,6.4,0.393,1.5,3,0.5,0.561,1,1.2,0.857,0.6,2.9,3.4,1.5,0.8,0.3,0.6,1.4,11.6
12,Giannis Antetokounmpo,PF,27,MIL,47,47,32.5,9.9,18.3,0.541,1.1,3.9,0.298,8.8,14.5,0.605,0.572,8,11.1,0.718,1.8,9.4,11.2,6,1,1.4,3.3,3.2,29
13,Thanasis Antetokounmpo,SF,29,MIL,34,5,10.4,1.2,2.5,0.477,0,0.3,0.091,1.2,2.2,0.533,0.483,0.4,0.7,0.625,0.9,1.4,2.3,0.6,0.4,0.3,0.6,1.7,2.9
112,Pat Connaughton,SG,29,MIL,54,18,27,3.6,7.7,0.467,2.3,5.7,0.407,1.3,2,0.639,0.618,0.6,0.7,0.811,0.7,3.7,4.4,1.2,0.9,0.3,0.6,1.4,10.1
131,Javin DeLaurier,C,23,MIL,1,0,3,0,0,,0,0,,0,0,,,0,0,,0,1,1,0,1,0,0,1,0
138,Donte DiVincenzo,SG,25,MIL,17,0,20.1,2.3,6.9,0.331,1.2,4.4,0.284,1.1,2.6,0.409,0.419,1.4,1.6,0.852,1.1,2.5,3.5,1.7,0.6,0.2,1.6,1.5,7.2
233,George Hill,SG,35,MIL,41,16,25.5,2.5,5.7,0.436,0.9,2.9,0.316,1.6,2.9,0.556,0.515,1.2,1.2,0.96,0.9,2.4,3.2,2.5,0.8,0.1,0.9,1.4,7
239,Jrue Holiday,PG,31,MIL,44,41,32.8,7.2,14.2,0.505,1.8,4.5,0.402,5.3,9.7,0.553,0.569,1.8,2.4,0.769,1,3.7,4.7,6.6,1.5,0.5,2.7,1.9,18
242,Rodney Hood,SF,29,MIL,39,0,14.9,1.2,3.4,0.351,0.6,2.1,0.3,0.6,1.3,0.431,0.443,0.3,0.4,0.929,0.3,1.4,1.7,0.8,0.3,0.1,0.2,0.7,3.3
295,Georgios Kalaitzakis,SF,23,MIL,9,0,5.3,0.6,1.2,0.455,0.2,0.4,0.5,0.3,0.8,0.429,0.545,0.4,1,0.444,0.4,0.4,0.9,0,0.1,0.1,0.4,0.9,1.8
329,Brook Lopez,C,33,MIL,1,1,28,3,9,0.333,2,4,0.5,1,5,0.2,0.444,0,0,,2,3,5,0,1,3,0,3,8
337,Sandro Mamukelashvili,PF,22,MIL,31,2,9.7,1.2,2.6,0.439,0.5,1.3,0.385,0.7,1.4,0.488,0.53,0.3,0.4,0.75,0.9,1,1.8,0.5,0.2,0.2,0.3,0.6,3.1
349,Wesley Matthews,SG,35,MIL,28,6,19.2,1.9,4.5,0.417,1.1,3.3,0.352,0.8,1.3,0.583,0.543,0.2,0.4,0.6,0.5,1.4,1.9,0.7,0.4,0.2,0.4,1.9,5.1
369,Khris Middleton,SF,30,MIL,45,45,31.9,6.7,15,0.445,2.3,6.3,0.372,4.3,8.7,0.497,0.523,3.8,4.4,0.883,0.6,4.8,5.5,5.2,1.2,0.3,3,2.5,19.5
409,Jordan Nwora,SF,23,MIL,43,9,19.1,3,7.6,0.402,1.4,3.8,0.358,1.7,3.7,0.447,0.492,0.4,0.5,0.762,0.7,3,3.7,1,0.5,0.3,1,1.2,7.8
411,Semi Ojeleye,PF,27,MIL,20,0,15.4,0.9,3.5,0.257,0.6,2.1,0.268,0.4,1.5,0.241,0.336,0.5,0.7,0.769,1.3,1.7,2.9,0.3,0.3,0.3,0.3,1.3,2.9
445,Bobby Portis,C,26,MIL,48,43,28.8,6,12.4,0.487,2,4.7,0.422,4.1,7.7,0.527,0.567,1.4,1.8,0.77,2.6,6.5,9.1,1.3,0.7,0.8,1.5,2.6,15.5
497,Javonte Smart,PG,22,MIL,13,1,12.3,0.8,3.3,0.256,0.3,1.4,0.222,0.5,1.9,0.28,0.302,0.4,0.5,0.833,0.3,1.2,1.5,1.1,0.3,0.2,0.7,0.8,2.4
570,Lindell Wigginton,PG,23,MIL,7,0,6.1,1.1,1.6,0.727,0.4,0.6,0.75,0.7,1,0.714,0.864,0,0,,0.1,0.4,0.6,0.7,0.3,0.1,0.6,0.9,2.7
116,DeMarcus Cousins,C,31,MIL,22,5,16,2.9,7,0.418,0.7,2.8,0.262,2.2,4.2,0.522,0.471,1.8,2.4,0.769,1.5,4.5,6,1,0.9,0.4,1.3,2.8,8.4
41,Malik Beasley,SG,25,MIN,55,10,25.8,4.4,11.6,0.38,3,8.3,0.358,1.4,3.3,0.434,0.508,0.5,0.7,0.75,0.4,2.7,3,1.5,0.5,0.1,0.7,1.2,12.3
45,Patrick Beverley,PG,33,MIN,36,32,25.9,3.1,7.7,0.406,1.3,4,0.333,1.8,3.7,0.485,0.493,1.3,1.9,0.706,1.1,3.4,4.5,5,1.1,0.9,1.1,2.9,8.9
56,Leandro Bolmaro,SF,21,MIN,25,2,7.5,0.4,1.3,0.281,0.1,0.5,0.167,0.3,0.8,0.35,0.313,0.3,0.4,0.889,0.6,0.8,1.4,0.4,0.2,0,0.5,0.8,1.1
153,Anthony Edwards,SG,20,MIN,49,49,34.9,7.9,18.1,0.436,3.1,8.7,0.357,4.8,9.4,0.509,0.521,3.1,3.8,0.806,0.9,3.9,4.8,3.6,1.5,0.7,2.8,2.3,22
304,Nathan Knight,PF,24,MIN,28,2,6.9,1,2,0.482,0.1,0.3,0.25,0.9,1.7,0.521,0.5,1.1,1.6,0.711,0.8,1.3,2.1,0.5,0.1,0.3,0.4,1,3.1
318,Jake Layman,SF,27,MIN,23,1,7.3,0.8,2.1,0.367,0.2,1.1,0.154,0.6,1,0.609,0.408,0.3,0.3,0.75,0.2,0.9,1,0.3,0.3,0.2,0.3,0.4,2
356,Jaden McDaniels,PF,21,MIN,52,24,26,3.4,7.7,0.438,1.1,3.5,0.308,2.3,4.2,0.545,0.507,0.7,0.8,0.773,1.2,3.1,4.3,1.2,0.8,0.7,1,3.3,8.5
364,Jordan McLaughlin,PG,25,MIN,37,3,12.2,1.1,2.9,0.383,0.2,1.1,0.2,0.9,1.8,0.493,0.421,0.5,0.7,0.741,0.2,1.1,1.3,2.8,0.7,0.1,0.5,0.5,3
405,Jaylen Nowell,SG,22,MIN,40,1,15.1,3.1,6.6,0.464,0.9,2.4,0.365,2.2,4.2,0.521,0.53,1,1.4,0.745,0.4,1.6,2,2.1,0.6,0.2,0.5,1.2,8
413,Josh Okogie,SG,23,MIN,33,6,12.4,0.8,2.3,0.347,0.3,1.1,0.278,0.5,1.2,0.41,0.413,0.7,1.1,0.622,0.8,1.1,1.8,0.5,0.5,0.3,0.5,1.2,2.6
452,Taurean Prince,PF,27,MIN,44,8,15.6,2.1,4.5,0.455,1.1,2.8,0.393,1,1.8,0.551,0.575,0.6,0.8,0.757,0.4,2,2.4,0.9,0.6,0.2,0.7,1.5,5.9
463,Naz Reid,C,22,MIN,52,5,16,3,6.4,0.467,0.8,2.2,0.345,2.2,4.2,0.532,0.527,1.4,2,0.728,1.5,2.4,3.9,0.8,0.4,1,1.1,2.2,8.2
477,D'Angelo Russell,PG,25,MIN,41,41,32,6.6,16,0.412,3,8.6,0.353,3.6,7.4,0.479,0.506,2.8,3.5,0.806,0.4,3.2,3.6,7,1,0.5,2.6,2.1,19
535,Karl-Anthony Towns,C,26,MIN,48,48,34.3,8.6,16.6,0.521,2.1,5.2,0.406,6.5,11.4,0.574,0.585,4.8,5.9,0.817,2.8,6.7,9.5,4,1,1.2,3.3,3.6,24.3
542,Jarred Vanderbilt,PF,22,MIN,50,43,26,3,5.1,0.592,0,0.2,0.182,3,4.9,0.611,0.596,1.2,1.8,0.663,3.2,5.8,9,1.4,1.5,0.7,1,2.6,7.3
585,McKinley Wright IV,PG,23,MIN,3,0,3,0.7,1,0.667,0.3,0.7,0.5,0.3,0.3,1,0.833,0,0,,0,0,0,0.3,0,0,0.3,0.3,1.7
6,Nickeil Alexander-Walker,SG,23,NOP,50,19,26.3,4.7,12.6,0.375,1.9,6.1,0.311,2.8,6.5,0.434,0.45,1.4,1.9,0.722,0.7,2.6,3.3,2.8,0.8,0.4,1.7,1.8,12.8
9,Jose Alvarado,PG,23,NOP,28,1,12.7,2,4.7,0.435,0.6,2,0.327,1.4,2.7,0.513,0.504,0.5,0.8,0.667,0.3,1,1.3,2,1.1,0.1,0.4,1.4,5.2
103,Gary Clark,PF,27,NOP,23,1,11.3,0.9,2.5,0.345,0.7,2.1,0.354,0.1,0.4,0.3,0.491,0.3,0.3,0.75,0.7,2,2.7,0.3,0.4,0.3,0.2,0.7,2.7
194,Devonte' Graham,PG,26,NOP,51,51,31.3,4.5,12.3,0.364,2.9,8.4,0.348,1.6,3.9,0.398,0.483,1.7,2,0.845,0.5,2.1,2.5,4.5,1,0.2,1.6,1.4,13.6
214,Jared Harper,PG,24,NOP,2,0,5,1.5,3.5,0.429,0.5,1,0.5,1,2.5,0.4,0.5,0,0,,0.5,0,0.5,1.5,0,0.5,0.5,1,3.5
220,Josh Hart,PF,26,NOP,41,40,33.5,4.8,9.4,0.505,1,3.2,0.323,3.7,6.2,0.598,0.56,2.8,3.8,0.753,1.3,6.5,7.8,4.1,1.1,0.3,2,2.9,13.4
224,Jaxson Hayes,C,21,NOP,43,4,16.4,3.1,4.9,0.632,0.2,0.6,0.28,3,4.3,0.679,0.649,1.9,2.5,0.776,1.3,2.6,4,0.5,0.4,0.7,0.7,2.2,8.3
229,Willy Hernangómez,C,27,NOP,28,6,16.7,3.5,6.5,0.536,0.1,0.3,0.429,3.4,6.3,0.54,0.544,2.1,2.8,0.753,2.8,4.3,7.1,1.3,0.4,0.3,1,1.9,9.2
258,Brandon Ingram,SF,24,NOP,41,41,34.4,8.3,18.3,0.451,1.6,4.5,0.348,6.7,13.9,0.484,0.493,4.6,5.6,0.818,0.7,5,5.7,5.3,0.7,0.5,2.7,2.1,22.7
287,Herbert Jones,PF,23,NOP,52,43,29.8,3.6,7.3,0.496,0.7,1.9,0.354,2.9,5.4,0.546,0.542,1.6,1.9,0.84,1.3,2.6,3.9,2.1,1.5,0.9,1.2,3,9.5
323,Kira Lewis Jr.,PG,20,NOP,24,0,14.2,2.5,6.1,0.404,0.5,2.4,0.224,1.9,3.7,0.523,0.449,0.4,0.5,0.833,0.4,1.3,1.6,2,0.5,0,1.1,0.7,5.9
331,Didi Louzada,SF,22,NOP,2,0,3.5,0,1.5,0,0,1.5,0,0,0,,0,0,0,,1,0,1,0.5,0,0,0,0,0
342,Naji Marshall,SF,24,NOP,30,0,9.7,1.2,3.3,0.354,0.2,1.3,0.154,1,2,0.483,0.384,1,1.2,0.857,0.5,1.6,2.1,0.8,0.4,0.1,0.7,1,3.5
391,Trey Murphy III,SF,21,NOP,40,0,12.9,1.3,3.7,0.338,0.9,2.7,0.336,0.4,1,0.341,0.459,0.6,0.7,0.857,0.7,1.5,2.2,0.5,0.3,0.2,0.3,0.9,4
480,Tomáš Satoranský,SG,30,NOP,32,3,15,1,3.3,0.299,0.2,1,0.161,0.8,2.4,0.355,0.322,0.6,0.8,0.76,0.6,1.4,2,2.4,0.4,0,0.7,1,2.8
517,Garrett Temple,SG,35,NOP,51,16,19.5,2,5.2,0.378,1,3.2,0.317,1,2,0.476,0.476,0.5,0.8,0.718,0.5,2.1,2.6,1.3,0.8,0.4,0.7,1.5,5.5
540,Jonas Valančiūnas,C,29,NOP,49,49,31.3,6.9,13,0.531,0.9,2.3,0.398,6,10.7,0.56,0.567,3.3,4,0.818,3.3,8.2,11.6,2.6,0.5,0.9,2.5,3.3,18
32,RJ Barrett,SF,21,NYK,48,48,33.1,6.4,15.5,0.412,2,5.6,0.354,4.4,9.8,0.445,0.476,3.2,4.6,0.695,0.9,4.8,5.7,2.6,0.5,0.3,2,2,18
84,Alec Burks,SG,30,NYK,55,21,26.7,3.3,8.6,0.385,1.7,4.5,0.389,1.6,4.1,0.382,0.486,2.7,3.3,0.824,0.6,3.7,4.3,2.6,1.1,0.3,1,2.4,11.1
142,Damyean Dotson,SG,27,NYK,2,0,10.5,1,2,0.5,0,0.5,0,1,1.5,0.667,0.5,0,0,,0,1,1,0.5,0,0,0,0,2
170,Evan Fournier,SG,29,NYK,54,54,29.1,5.2,12.1,0.429,2.9,7.3,0.402,2.3,4.8,0.471,0.55,1,1.4,0.718,0.5,2.4,2.9,1.8,0.9,0.2,1.4,2.1,14.4
184,Taj Gibson,C,36,NYK,36,4,18,1.4,2.8,0.525,0.2,0.6,0.4,1.2,2.2,0.557,0.566,0.7,0.9,0.758,1.6,2.8,4.3,0.7,0.4,0.8,0.6,2.7,3.8
205,Quentin Grimes,SG,21,NYK,36,3,16.3,2,4.9,0.409,1.5,3.9,0.386,0.5,1,0.5,0.563,0.2,0.3,0.727,0.4,1.3,1.8,0.9,0.6,0.2,0.6,1.3,5.7
209,Tyler Hall,SG,24,NYK,1,0,2,0,0,,0,0,,0,0,,,0,0,,0,0,0,0,0,0,0,0,0
352,Miles McBride,PG,21,NYK,21,2,7.2,0.7,2.8,0.259,0.2,1.5,0.161,0.5,1.3,0.37,0.302,0.1,0.2,0.75,0.1,0.7,0.8,1.1,0.4,0,0.1,0.7,1.8
381,Matt Mooney,SG,24,NYK,1,0,2,0,1,0,0,1,0,0,0,,0,0,0,,0,0,0,0,1,0,1,0,0
404,Nerlens Noel,C,27,NYK,25,11,22.5,1.3,2.4,0.533,0,0.1,0,1.3,2.3,0.561,0.533,0.8,1.2,0.7,1.9,3.7,5.6,0.9,1.2,1.2,0.8,2.7,3.4
456,Immanuel Quickley,PG,22,NYK,52,2,21.6,3.1,8.5,0.369,1.6,4.9,0.332,1.5,3.6,0.418,0.464,1.6,1.8,0.912,0.3,2,2.3,3,0.6,0.1,1.3,2.2,9.5
458,Julius Randle,PF,27,NYK,54,54,35.4,7,16.6,0.42,1.6,5.3,0.307,5.4,11.3,0.474,0.469,3.7,4.9,0.748,1.9,8.2,10.1,5.1,0.8,0.6,3.4,2.8,19.3
469,Mitchell Robinson,C,23,NYK,50,41,25.4,3.6,4.7,0.767,0,0,,3.6,4.7,0.767,0.767,1.3,2.5,0.52,3.9,4.9,8.8,0.5,0.6,1.6,0.8,2.7,8.6
473,Derrick Rose,PG,33,NYK,26,4,24.5,4.7,10.5,0.445,1.4,3.5,0.402,3.3,7,0.467,0.513,1.2,1.2,0.968,0.8,2.2,3,4,0.8,0.5,1.5,0.6,12
486,Wayne Selden,SG,27,NYK,3,0,6.3,0.3,1.3,0.25,0.3,0.7,0.5,0,0.7,0,0.375,0.7,1.3,0.5,0,0.3,0.3,0.3,0,0,0,0.3,1.7
495,Jericho Sims,PF,23,NYK,17,0,6.5,0.5,0.6,0.727,0,0,,0.5,0.6,0.727,0.727,0.2,0.2,0.75,0.6,0.9,1.6,0.1,0.2,0.4,0.1,0.5,1.1
533,Obi Toppin,PF,23,NYK,51,2,15.4,2.9,5.6,0.516,0.4,1.7,0.244,2.5,3.9,0.633,0.553,1.2,1.6,0.75,0.9,2.7,3.6,0.9,0.3,0.4,0.8,1.4,7.4
551,Kemba Walker,PG,31,NYK,34,34,25.7,4,10.1,0.398,1.9,5.4,0.361,2.1,4.7,0.441,0.494,1.5,1.8,0.82,0.4,2.8,3.1,3.6,0.7,0.1,1.4,1.1,11.5
39,Darius Bazley,PF,21,OKC,49,33,26.7,3.5,8.7,0.401,1,3.5,0.292,2.4,5.2,0.474,0.46,1.6,2.3,0.685,1.1,5.3,6.4,1.2,0.8,1.1,1.4,1,9.5
128,Gabriel Deck,PF,26,OKC,7,0,8,1.1,2,0.571,0.3,0.6,0.5,0.9,1.4,0.6,0.643,0,0,,0.1,0.7,0.9,0.7,0.1,0,0.3,0.3,2.6
133,Mamadi Diakite,PF,25,OKC,13,3,14.5,1.9,3.6,0.532,0,0.4,0,1.9,3.2,0.595,0.532,0.5,0.8,0.545,1.3,3.2,4.5,0.2,0.4,0.7,0.5,2.5,4.3
140,Luguentz Dort,SF,22,OKC,49,49,32.7,5.7,14.1,0.404,2.5,7.6,0.332,3.2,6.4,0.491,0.494,3,3.6,0.851,0.8,3.4,4.2,1.8,0.9,0.4,1.8,2.9,17
155,Rob Edwards,SG,25,OKC,2,0,5.5,0.5,2,0.25,0.5,2,0.25,0,0,,0.375,0,0,,0,1.5,1.5,0,0,0,0.5,0,1.5
162,Derrick Favors,C,30,OKC,35,16,16.4,2.2,4.5,0.497,0.1,0.4,0.154,2.2,4.1,0.528,0.503,0.4,0.6,0.636,1.5,3.2,4.7,0.7,0.4,0.2,0.2,1.5,4.9
185,Josh Giddey,SG,19,OKC,49,49,31.3,5.1,12.2,0.416,1,4,0.253,4.1,8.2,0.498,0.458,0.9,1.3,0.697,1.8,5.8,7.6,6.2,1,0.4,3.1,1.7,12.1
186,Shai Gilgeous-Alexander,PG,23,OKC,43,43,34.6,7.8,18.3,0.424,1.6,5.6,0.278,6.2,12.7,0.488,0.466,5.6,6.9,0.811,0.7,4,4.7,5.5,1.1,0.8,2.4,2.3,22.7
237,Jaylen Hoard,SF,22,OKC,1,0,2,0,1,0,0,0,,0,1,0,0,0,0,,1,1,2,0,0,0,0,0,0
243,Scotty Hopson,SG,32,OKC,1,0,18,2,4,0.5,0,1,0,2,3,0.667,0.5,0,0,,0,1,1,1,0,0,2,1,4
270,Ty Jerome,SG,24,OKC,45,4,16.6,2.6,6.8,0.386,1.1,3.9,0.293,1.5,3,0.507,0.469,0.8,0.9,0.833,0.4,1.2,1.6,2.2,0.6,0.1,0.8,1.6,7.2
309,Vit Krejci,SG,21,OKC,3,0,3,0,0.7,0,0,0.7,0,0,0,,0,0.7,0.7,1,0,1,1,0,0,0,0.3,0,0.7
336,Théo Maledon,PG,20,OKC,28,0,13.8,1.2,3.8,0.318,0.4,2,0.218,0.8,1.9,0.423,0.374,1,1.2,0.848,0.3,1.3,1.6,1.1,0.4,0.1,0.8,1.1,3.9
339,Tre Mann,PG,20,OKC,41,9,19.3,2.9,7.8,0.377,1.3,3.6,0.363,1.6,4.2,0.39,0.461,0.8,1.1,0.733,0.3,1.9,2.2,1,0.7,0.2,0.9,1.7,8
393,Mike Muscala,C,30,OKC,43,0,13.8,2.6,5.8,0.456,1.6,3.8,0.429,1,2,0.506,0.597,1.1,1.3,0.842,0.5,2.5,3,0.5,0.4,0.6,0.3,1.3,8
439,Aleksej Pokusevski,PF,20,OKC,38,2,15.8,2.1,5.6,0.384,0.7,2.6,0.268,1.4,3,0.482,0.445,0.2,0.4,0.5,1,3.2,4.2,1.2,0.6,0.5,1.2,1.2,5.1
470,Jeremiah Robinson-Earl,C,21,OKC,44,36,23,2.7,6.6,0.401,1.1,3.4,0.333,1.5,3.2,0.472,0.486,0.7,1,0.714,1.6,4.2,5.8,1,0.6,0.3,0.8,1.7,7.1
471,Isaiah Roby,PF,23,OKC,18,5,13.7,2.6,4.7,0.56,0.6,1.2,0.5,2,3.4,0.581,0.625,0.9,1.2,0.762,1.1,2.2,3.3,0.7,0.2,0.3,0.8,1.4,6.7
479,Olivier Sarr,C,22,OKC,2,0,7,0.5,1.5,0.333,0,0.5,0,0.5,1,0.5,0.333,1,1,1,0,2.5,2.5,0,0,1,0,0.5,2
561,Paul Watson,SF,27,OKC,9,3,17.3,1.3,3.9,0.343,0.7,2.9,0.231,0.7,1,0.667,0.429,0.1,0.2,0.5,0.3,2.7,3,0.9,0.3,0.3,0.4,1.1,3.4
568,Aaron Wiggins,SG,23,OKC,31,18,21.9,2.7,5.6,0.486,0.8,2.5,0.329,1.9,3.1,0.615,0.56,1.1,1.5,0.702,0.9,2.6,3.5,1.1,0.7,0.2,0.9,1.8,7.4
573,Kenrich Williams,SF,27,OKC,46,0,21.6,2.9,6.5,0.448,0.9,2.5,0.351,2,4,0.508,0.515,0.5,1,0.523,1.5,2.8,4.4,2.2,0.9,0.2,1,1.6,7.2
15,Cole Anthony,PG,21,ORL,42,42,33.2,6,15.4,0.392,2.2,6.6,0.327,3.9,8.8,0.441,0.462,3.5,4.2,0.851,0.6,5.2,5.9,6.1,0.9,0.3,2.8,2.7,17.8
26,Mo Bamba,C,23,ORL,45,43,26.2,4,8.5,0.47,1.3,3.7,0.343,2.7,4.8,0.567,0.545,0.8,1.1,0.792,2.1,5.9,8,1.3,0.6,1.9,1.3,2.6,10.1
64,Ignas Brazdeikis,SF,23,ORL,25,0,9.1,1,2.8,0.366,0.4,1.3,0.303,0.6,1.5,0.421,0.437,0.4,0.5,0.75,0.4,1,1.4,0.8,0.2,0,0.3,1,2.8
94,Wendell Carter Jr.,C,22,ORL,47,46,29.3,5.2,10.3,0.504,1.2,3.6,0.329,4,6.7,0.597,0.561,2.2,3.1,0.715,2,8.1,10.2,2.7,0.6,0.7,1.7,2.7,13.7
168,Aleem Ford,SF,24,ORL,5,0,14.8,1.2,4,0.3,0.4,3,0.133,0.8,1,0.8,0.35,0,0,,0.4,2.6,3,0.4,0.2,0,0.8,1.4,2.8
172,Tim Frazier,PG,31,ORL,10,3,20,1.3,4.3,0.302,0.6,1.7,0.353,0.7,2.6,0.269,0.372,0.5,0.9,0.556,0.5,1.4,1.9,3.3,0.3,0.1,1.3,2.4,3.7
188,Freddie Gillespie,PF,24,ORL,9,2,13.2,1,2.4,0.409,0,0.1,0,1,2.3,0.429,0.409,0.3,0.8,0.429,1.4,2.6,4,0.6,0.3,1,0.6,2,2.3
196,Hassani Gravett,PG,25,ORL,8,3,21.4,2.3,4.8,0.474,1.4,3.3,0.423,0.9,1.5,0.583,0.618,0.4,0.5,0.75,0.1,2.5,2.6,2.5,0.6,0.1,1.1,1.6,6.3
210,R.J. Hampton,SG,20,ORL,42,1,19.4,2.5,6.7,0.382,0.9,2.5,0.364,1.6,4.1,0.393,0.452,1.1,1.9,0.608,0.3,2.6,2.9,2.4,0.7,0.2,1.3,1.5,7.2
216,Gary Harris,SG,27,ORL,48,30,29.5,4.2,9.5,0.444,1.9,4.9,0.388,2.3,4.5,0.505,0.545,1.4,1.6,0.844,0.6,1.6,2.2,1.9,0.8,0.2,1,1.9,11.7
273,B.J. Johnson,SF,26,ORL,4,0,16.3,2.8,6.3,0.44,1,2.5,0.4,1.8,3.8,0.467,0.52,0,0,,1.5,2.3,3.8,0,0,0.3,0,1,6.5
330,Robin Lopez,C,33,ORL,25,9,17.8,3.6,6.3,0.576,0.1,0.2,0.4,3.6,6.1,0.582,0.582,0.8,1.4,0.588,2.2,1.6,3.8,1.7,0,0.6,1.3,2,8.2
389,Mychal Mulder,PG,27,ORL,15,2,13,1.3,4.5,0.299,0.9,3.1,0.283,0.5,1.4,0.333,0.396,0.1,0.1,1,0.1,1.3,1.4,0.2,0.3,0.1,0.5,0.8,3.7
412,Chuma Okeke,PF,23,ORL,45,10,23.6,3,7.8,0.387,1.4,4.6,0.301,1.6,3.2,0.51,0.476,0.7,0.9,0.846,0.6,3.9,4.5,1.5,1.4,0.6,0.8,1.4,8.1
474,Terrence Ross,SG,30,ORL,47,0,24.5,3.7,9.3,0.405,1.3,4.3,0.308,2.4,5,0.487,0.476,2.1,2.4,0.874,0.3,2.3,2.6,2,0.5,0.3,1.4,1.2,10.9
482,Admiral Schofield,SF,24,ORL,20,1,11.8,1.4,2.8,0.491,0.6,1.7,0.333,0.8,1.1,0.727,0.591,0.2,0.3,0.6,0.3,1.9,2.2,0.8,0.1,0.2,0.6,1.4,3.4
511,Jalen Suggs,PG,20,ORL,35,32,28,4.3,11.7,0.366,1,4.2,0.245,3.3,7.5,0.433,0.41,2.6,3.4,0.773,0.6,3.1,3.7,4.2,1.2,0.4,3.1,3,12.2
548,Franz Wagner,SF,20,ORL,56,56,32.1,6,12.9,0.464,1.3,3.5,0.359,4.7,9.4,0.503,0.512,2.4,2.9,0.85,1.1,3.5,4.6,3,0.9,0.5,1.6,2.2,15.6
549,Moritz Wagner,C,24,ORL,45,0,12.5,2.6,5.3,0.5,0.9,2.8,0.331,1.7,2.5,0.684,0.586,1.4,1.8,0.797,0.5,2,2.4,1.1,0.3,0.2,0.7,1.8,7.6
35,Charles Bassey,PF,21,PHI,22,0,7.3,1.3,2,0.651,0,0.2,0,1.3,1.8,0.718,0.651,0.4,0.5,0.727,0.9,1.8,2.7,0.3,0.2,0.8,0.4,1.4,2.9
123,Seth Curry,SG,31,PHI,45,45,34.8,5.7,11.7,0.485,2.2,5.6,0.4,3.5,6.2,0.561,0.58,1.4,1.6,0.877,0.4,3,3.4,4,0.8,0.2,1.9,2.2,15
148,Andre Drummond,C,28,PHI,49,12,18.4,2.6,4.9,0.538,0,0,0,2.6,4.8,0.542,0.538,0.9,1.7,0.512,2.8,6.1,8.8,2,1.1,0.9,1.6,2.5,6.1
158,Joel Embiid,C,27,PHI,42,42,33,9.6,19.3,0.498,1.3,3.6,0.358,8.3,15.7,0.53,0.531,8.9,11,0.812,2,8.9,10.9,4.3,1,1.4,2.9,2.6,29.4
197,Danny Green,SF,34,PHI,36,23,23.4,2.3,5.7,0.412,1.8,4.8,0.386,0.5,0.9,0.545,0.574,0.3,0.3,0.9,0.5,2,2.6,1,1.1,0.8,0.9,1.7,6.8
218,Tobias Harris,PF,29,PHI,45,45,35.4,7.4,15.2,0.488,1.2,3.5,0.346,6.2,11.7,0.53,0.528,3.1,3.6,0.853,1.1,6.2,7.3,3.8,0.6,0.6,1.8,2,19.1
227,Aaron Henry,SF,22,PHI,6,0,2.8,0.2,0.8,0.2,0,0.2,0,0.2,0.7,0.25,0.2,0,0,,0,0.2,0.2,0,0,0.3,0.3,0.3,0.3
271,Isaiah Joe,SG,22,PHI,38,1,12.9,1.3,3.6,0.355,0.9,2.8,0.33,0.4,0.8,0.438,0.482,0.5,0.6,0.952,0.1,1.1,1.2,0.7,0.3,0.1,0.3,1,4
298,Braxton Key,SF,24,PHI,2,0,3,0.5,1,0.5,0,0.5,0,0.5,0.5,1,0.5,0,0,,0.5,0.5,1,0.5,0.5,0,1,0.5,1
307,Furkan Korkmaz,SG,24,PHI,47,17,24,3.2,8.2,0.39,1.3,4.6,0.287,1.9,3.6,0.52,0.47,1.2,1.4,0.838,0.3,2.7,3,2.4,0.6,0.1,0.8,1,9
350,Tyrese Maxey,PG,21,PHI,47,46,35.8,6.4,13.5,0.471,1.4,3.5,0.398,5,10,0.497,0.523,2.7,3.1,0.871,0.4,3.2,3.6,4.8,0.7,0.6,1.2,2.1,16.9
373,Shake Milton,PG,25,PHI,27,6,24.7,4,9.4,0.429,0.9,2.9,0.316,3.1,6.5,0.48,0.478,1.5,1.8,0.854,0.5,2.5,3,2.8,0.7,0.4,1.1,2.1,10.5
401,Georges Niang,PF,28,PHI,50,5,23.1,3.4,7.7,0.438,2,4.9,0.402,1.4,2.8,0.5,0.565,0.8,0.9,0.864,0.4,2.3,2.6,1.5,0.4,0.2,0.9,2.6,9.5
449,Myles Powell,PG,24,PHI,11,0,4.7,0.5,1.5,0.294,0.1,0.5,0.167,0.4,1,0.364,0.324,0.2,0.2,1,0.1,0.5,0.5,0.3,0.1,0,0.3,0.7,1.2
462,Paul Reed,C,22,PHI,21,2,8.8,1,2,0.465,0,0.2,0,1,1.9,0.513,0.465,0.1,0.4,0.375,1,1.3,2.2,0.5,0.6,0.5,0.3,1.3,2
504,Jaden Springer,SG,19,PHI,2,0,3,0.5,0.5,1,0,0,,0.5,0.5,1,1,0,0,,0.5,0.5,1,0,0,1,0.5,0,1
529,Matisse Thybulle,SG,24,PHI,39,24,26.5,2.3,4.6,0.503,0.8,2.4,0.316,1.6,2.2,0.709,0.586,0.3,0.5,0.684,0.5,1.8,2.3,1.1,1.7,1.1,0.6,2.2,5.8
21,Deandre Ayton,C,23,PHO,34,34,29.2,7.1,11.1,0.643,0.1,0.2,0.25,7.1,10.9,0.651,0.646,2,2.8,0.726,2.7,7.6,10.3,1.5,0.8,0.8,1.6,2.3,16.4
34,Paris Bass,SF,26,PHO,2,0,3.5,1,3,0.333,0,1,0,1,2,0.5,0.333,1,1,1,1,1,2,0,0.5,0,1,1,3
49,Bismack Biyombo,C,29,PHO,16,3,18.8,3.6,5.9,0.617,0,0,,3.6,5.9,0.617,0.617,1.7,3.2,0.529,2.9,3.8,6.6,0.9,0.6,0.9,0.8,2.3,8.9
58,Devin Booker,SG,25,PHO,48,48,34,9.3,20.7,0.447,2.6,7.1,0.37,6.6,13.6,0.488,0.511,4.3,5,0.859,0.8,4.5,5.3,4.4,1,0.3,2.4,2.5,25.5
65,Mikal Bridges,SF,25,PHO,55,55,34.8,5.2,10,0.525,1.4,3.8,0.37,3.8,6.2,0.619,0.595,1.3,1.5,0.867,1,3.2,4.2,2.2,1.2,0.5,0.8,1.9,13.2
119,Jae Crowder,PF,31,PHO,45,45,28.4,3.1,7.9,0.393,1.8,5.3,0.339,1.3,2.6,0.504,0.507,0.9,1.1,0.824,0.4,4.9,5.3,1.5,1.2,0.5,0.9,2.4,8.9
253,Chandler Hutchison,SF,25,PHO,6,0,3.7,0.2,0.3,0.5,0,0,,0.2,0.3,0.5,0.5,0.3,0.3,1,0,0.8,0.8,0.3,0,0,0.7,0.2,0.7
274,Cameron Johnson,PF,25,PHO,52,10,26,4.1,8.9,0.461,2.5,5.8,0.433,1.6,3.2,0.512,0.601,1.2,1.4,0.849,0.6,3.6,4.3,1.3,0.9,0.2,0.6,1.7,11.9
296,Frank Kaminsky,C,28,PHO,9,0,20.1,4,7.3,0.545,0.6,1.7,0.333,3.4,5.7,0.608,0.583,2,2.2,0.9,1.2,3.3,4.6,1.4,0.9,0.8,0.6,1.6,10.6
359,JaVale McGee,C,34,PHO,49,14,16.3,4.3,6.5,0.658,0,0.1,0.333,4.2,6.4,0.665,0.661,1.4,2.1,0.68,2.4,4.6,7,0.7,0.3,1,1.4,2.5,10
395,Abdel Nader,SF,28,PHO,14,0,10.4,0.9,2.5,0.343,0.3,1,0.286,0.6,1.5,0.381,0.4,0.4,0.7,0.6,0.3,1.6,1.9,0.5,0.6,0.3,0.8,1.4,2.4
429,Chris Paul,PG,36,PHO,55,55,33.4,5.7,11.6,0.488,1,3.1,0.333,4.6,8.5,0.545,0.533,2.7,3.2,0.837,0.3,4.2,4.5,10.6,1.9,0.3,2.4,2.1,15.1
430,Cameron Payne,PG,27,PHO,40,0,20.4,4,9.8,0.404,1.1,3.4,0.336,2.8,6.4,0.44,0.462,1.4,1.7,0.864,0.4,2.4,2.8,3.6,0.6,0.3,1.8,1.9,10.5
431,Elfrid Payton,PG,27,PHO,35,0,11.6,1.4,3.6,0.397,0.1,0.3,0.167,1.4,3.3,0.421,0.405,0.3,0.7,0.423,0.5,1.4,1.9,2,0.5,0.1,1,0.9,3.2
489,Landry Shamet,SG,24,PHO,45,7,19.8,2.4,6.4,0.37,1.6,4.5,0.353,0.8,2,0.409,0.493,1,1.2,0.852,0.2,1.7,1.9,1.6,0.5,0.1,0.5,1.2,7.4
501,Jalen Smith,PF,21,PHO,29,4,13.2,2.2,4.7,0.46,0.3,1.3,0.231,1.9,3.4,0.551,0.493,1.4,1.8,0.769,1.9,2.9,4.8,0.2,0.2,0.6,0.8,1.8,6
518,Emanuel Terry,PF,25,PHO,3,0,6,0,1.7,0,0,0,,0,1.7,0,0,0,0,,2.7,2.3,5,0.7,0.3,0,1.7,1.3,0
550,Ish Wainright,PF,27,PHO,28,0,7.5,0.8,2.1,0.362,0.3,1.1,0.29,0.4,1,0.444,0.44,0.1,0.3,0.429,0.7,0.6,1.3,0.4,0.3,0.2,0.4,1.1,1.9
553,M.J. Walker,SG,23,PHO,2,0,4,0,2,0,0,1,0,0,1,0,0,0,0,,0,0.5,0.5,0.5,1,0,0,0.5,0
52,Keljin Blevins,SF,26,POR,12,0,6.1,0.8,1.9,0.391,0.5,1.2,0.429,0.3,0.8,0.333,0.522,0,0.2,0,0.2,0.5,0.7,0.3,0,0,0.5,0.4,2
74,Greg Brown III,SF,20,POR,25,0,6.9,1.3,2.8,0.457,0.2,0.8,0.211,1.1,2,0.549,0.486,0.7,1.1,0.607,0.6,1.1,1.8,0.2,0.2,0.3,0.4,0.8,3.4
121,Jarron Cumberland,SG,24,POR,3,0,4,0.3,0.7,0.5,0,0.3,0,0.3,0.3,1,0.5,0,0,,0.3,0.7,1,0.3,0,0,0,0.7,0.7
156,CJ Elleby,SF,21,POR,32,4,13.8,1.6,3.9,0.411,0.5,1.6,0.308,1.1,2.3,0.486,0.476,0.5,0.6,0.85,0.8,1.9,2.8,1.1,0.5,0.2,0.5,1.5,4.2
325,Damian Lillard,PG,31,POR,29,29,36.4,7.7,19,0.402,3.2,9.8,0.324,4.5,9.2,0.485,0.486,5.5,6.2,0.878,0.4,3.7,4.1,7.3,0.6,0.4,2.9,1.3,24
326,Nassir Little,SF,21,POR,42,23,25.9,3.5,7.5,0.46,1.2,3.7,0.331,2.2,3.8,0.584,0.541,1.6,2.2,0.734,1.4,4.2,5.6,1.3,0.6,0.9,1,2,9.8
360,Cameron McGriff,SF,24,POR,3,0,15.3,1.7,4.7,0.357,0.7,2,0.333,1,2.7,0.375,0.429,0.7,0.7,1,2,3,5,1,0,0.3,0,2.3,4.7
365,Ben McLemore,SG,28,POR,39,6,18.3,3,7.6,0.392,2.3,6.1,0.378,0.7,1.5,0.448,0.544,0.6,0.8,0.781,0.3,1.2,1.5,0.8,0.4,0.1,0.7,1.4,8.9
396,Larry Nance Jr.,PF,29,POR,37,11,23.2,2.8,5.4,0.515,0.5,1.7,0.306,2.2,3.7,0.61,0.563,0.9,1.3,0.653,1.6,4.1,5.6,2,1,0.4,0.7,1.8,6.9
407,Jusuf Nurkić,C,27,POR,53,53,27.9,5.6,10.5,0.533,0.2,1,0.231,5.4,9.5,0.564,0.544,3.2,4.7,0.681,2.9,7.9,10.8,2.7,1.1,0.6,2.5,3.3,14.6
494,Anfernee Simons,SG,22,POR,50,23,29,5.8,13.3,0.439,2.9,7.3,0.392,3,6,0.497,0.547,1.6,1.8,0.888,0.5,2.2,2.7,3.7,0.5,0.1,1.9,1.9,16.1
499,Dennis Smith Jr.,PG,24,POR,37,4,17.2,2.1,5.1,0.418,0.2,0.7,0.222,2,4.4,0.451,0.434,1.1,1.7,0.656,0.5,1.8,2.4,3.6,1.2,0.3,1.4,1.4,5.6
503,Tony Snell,SG,30,POR,38,10,14.4,0.9,2.6,0.371,0.6,2,0.32,0.3,0.6,0.545,0.495,0.1,0.1,1,0.3,1.6,1.9,0.5,0.2,0.2,0.3,1.2,2.6
560,Trendon Watford,SF,21,POR,30,0,12.1,1.9,3.2,0.583,0,0.3,0,1.9,2.9,0.651,0.583,0.7,1,0.677,0.8,2.1,2.9,0.9,0.3,0.5,0.7,1.6,4.4
571,Brandon Williams,PG,22,POR,2,0,6,1,1.5,0.667,0,0,,1,1.5,0.667,0.667,2,3.5,0.571,0,1,1,1,0,0,0,0,4
590,Cody Zeller,C,29,POR,27,0,13.1,1.9,3.3,0.567,0,0.1,0,1.9,3.2,0.593,0.567,1.4,1.8,0.776,1.9,2.8,4.6,0.8,0.3,0.2,0.7,2.1,5.2
117,Robert Covington,PF-SF,31,POR,51,40,29.3,2.7,7,0.387,1.6,4.7,0.343,1.1,2.3,0.478,0.503,0.7,0.9,0.822,0.9,4.7,5.6,1.4,1.5,1.3,1.2,2.7,7.8
354,CJ McCollum,SG,30,POR,37,37,35.2,8,18.5,0.431,3.1,8.1,0.378,4.9,10.5,0.473,0.514,1.3,1.9,0.7,0.9,3.4,4.3,4.5,1,0.6,1.9,2.2,20.4
450,Norman Powell,SF-SG,28,POR,43,41,32.9,6.2,13.6,0.457,2.3,5.7,0.407,3.9,7.9,0.493,0.542,4.1,5.1,0.807,0.5,2.8,3.3,2.2,1,0.4,1.6,2.3,18.8
23,Marvin Bagley III,PF,22,SAC,30,17,21.9,3.8,8.2,0.463,0.5,2.1,0.242,3.3,6.1,0.538,0.494,1.2,1.6,0.745,2.2,4.9,7.2,0.6,0.3,0.4,0.7,1.7,9.3
30,Harrison Barnes,PF,29,SAC,52,52,33.8,5.2,11.3,0.462,2,4.9,0.412,3.2,6.3,0.502,0.553,4.7,5.6,0.829,1.1,5,6.1,2.5,0.7,0.2,1.6,1.3,17.1
127,Terence Davis,SG,24,SAC,30,11,17.9,3.8,8.9,0.423,1.6,5,0.329,2.1,3.9,0.542,0.515,1.2,1.5,0.818,0.4,2.8,3.1,1.3,0.8,0.4,1.1,2.3,10.4
171,De'Aaron Fox,PG,24,SAC,45,45,34.2,8,17.3,0.46,1,3.7,0.269,7,13.6,0.512,0.489,4.4,5.8,0.749,0.5,3.5,3.9,5.1,1.2,0.4,2.8,2.8,21.3
208,Tyrese Haliburton,SG,21,SAC,51,51,34.5,5.3,11.5,0.457,2,4.9,0.413,3.2,6.5,0.491,0.546,1.7,2,0.837,0.8,3.1,3.9,7.4,1.7,0.7,2.3,1.4,14.3
213,Maurice Harkless,SF,28,SAC,38,19,19.4,1.9,4.3,0.444,0.7,2.4,0.297,1.2,1.9,0.634,0.528,0.4,0.6,0.714,0.3,2.1,2.4,0.6,0.6,0.6,0.7,1.7,4.9
231,Buddy Hield,SG,29,SAC,55,6,28.6,4.8,12.6,0.382,3.3,9,0.368,1.5,3.6,0.419,0.514,1.5,1.7,0.87,0.8,3.2,4,1.9,0.9,0.3,1.6,2.1,14.4
241,Richaun Holmes,C,28,SAC,38,37,25.3,4.9,7.2,0.684,0.1,0.1,0.4,4.8,7,0.689,0.688,1.7,2.2,0.765,2.2,5.5,7.7,1.2,0.4,1,1.3,3,11.6
285,Damian Jones,C,26,SAC,37,5,15.2,2.4,3.8,0.638,0.1,0.4,0.357,2.3,3.4,0.669,0.656,1.3,1.8,0.727,1.4,2.5,3.9,1.1,0.3,0.6,1,2.1,6.3
300,Louis King,SF,22,SAC,10,0,10.4,1.5,4.7,0.319,0.8,2.7,0.296,0.7,2,0.35,0.404,0.7,1,0.7,0,1.2,1.2,0.9,0.2,0.1,0,1.4,4.5
321,Alex Len,C,28,SAC,33,9,16.9,2.5,4.7,0.529,0.2,0.6,0.316,2.3,4.1,0.559,0.548,1.1,1.7,0.643,1.5,3.2,4.6,1.2,0.4,0.8,1.2,2.7,6.2
368,Chimezie Metu,C,24,SAC,39,20,22.5,3.5,8.1,0.433,0.9,3.4,0.271,2.6,4.6,0.552,0.49,1.1,1.4,0.732,0.6,5.3,5.9,1.1,0.9,0.6,1,1.5,8.9
374,Davion Mitchell,PG,23,SAC,51,8,26.1,4.3,10.5,0.408,1.4,4.3,0.32,2.9,6.2,0.47,0.474,0.5,0.8,0.558,0.5,1.8,2.3,3.5,0.7,0.3,1.2,1.9,10.4
388,Emmanuel Mudiay,PG,25,SAC,2,0,5.5,0,1,0,0,0,,0,1,0,0,1.5,2,0.75,0,0,0,2,0.5,0,0.5,0.5,1.5
390,Ade Murkey,SG,24,SAC,1,0,1,0,0,,0,0,,0,0,,,0,0,,0,0,0,0,0,0,0,0,0
455,Neemias Queta,C,22,SAC,10,0,5.6,0.9,2.3,0.391,0,0,,0.9,2.3,0.391,0.391,0.3,0.5,0.6,1.1,0.8,1.9,0.4,0.1,0.4,0.4,1.1,2.1
457,Jahmi'us Ramsey,SG,20,SAC,19,0,7.1,1.3,3.1,0.414,0.3,0.9,0.278,1,2.1,0.475,0.457,0.4,0.7,0.5,0.2,0.5,0.7,0.4,0.1,0.1,0.3,0.5,3.2
527,Tristan Thompson,PF,30,SAC,30,3,15.2,2.5,5,0.503,0,0,1,2.5,5,0.5,0.507,1.1,2,0.533,2.4,3,5.4,0.6,0.4,0.4,1,1.7,6.2
583,Robert Woodard II,SF,22,SAC,12,0,3.5,0.2,1.3,0.125,0.1,0.3,0.25,0.1,1,0.083,0.156,0.2,0.2,1,0.4,0.5,0.9,0.3,0.1,0.1,0.1,0.3,0.6
36,Keita Bates-Diop,SF,26,SAS,42,12,16.7,2.2,4.4,0.5,0.3,1,0.333,1.9,3.4,0.549,0.538,0.7,1,0.69,1.1,3,4,0.6,0.5,0.3,0.7,1,5.4
87,Devontae Cacok,PF,25,SAS,8,0,8.4,2,2.9,0.696,0,0,,2,2.9,0.696,0.696,0.5,0.9,0.571,0.6,2.8,3.4,0.3,0.5,0.9,0.1,1,4.5
109,Zach Collins,PF,24,SAS,2,0,15.5,3,6.5,0.462,0.5,1,0.5,2.5,5.5,0.455,0.5,1,2,0.5,3.5,3.5,7,3,1.5,0,2,3,7.5
160,Drew Eubanks,C,24,SAS,49,9,12.1,1.7,3.2,0.528,0,0.2,0.125,1.7,3.1,0.55,0.531,1.2,1.6,0.747,1.3,2.7,4,1,0.3,0.6,0.9,1.2,4.7
279,Keldon Johnson,SF,22,SAS,51,50,31.1,5.8,12.5,0.466,1.9,4.4,0.427,3.9,8,0.488,0.542,1.9,2.7,0.715,1,5.1,6.1,1.8,0.7,0.1,1.3,1.8,15.4
291,Tre Jones,PG,22,SAS,43,4,13.4,2,4,0.5,0.1,0.4,0.158,1.9,3.5,0.543,0.509,0.8,0.9,0.895,0.4,1.4,1.8,2.3,0.4,0,0.6,0.9,4.8
313,Anthony Lamb,SF,24,SAS,2,0,4,0,1,0,0,1,0,0,0,,0,0,0,,0,0.5,0.5,1,0,0,0,0,0
315,Jock Landale,C,26,SAS,34,1,10.1,1.7,3.4,0.496,0.6,1.5,0.365,1.1,1.9,0.6,0.577,0.6,0.7,0.87,1.1,1.1,2.3,0.9,0.2,0.4,0.6,0.9,4.6
358,Doug McDermott,PF,30,SAS,39,39,24.4,4.4,9.5,0.465,2.2,5.2,0.429,2.2,4.3,0.509,0.582,0.5,0.7,0.704,0.4,2.1,2.5,1.2,0.2,0.1,0.8,1.6,11.5
384,Jaylen Morris,SG,26,SAS,3,0,5.3,0,2,0,0,0.7,0,0,1.3,0,0,0.7,1.3,0.5,0,0.7,0.7,0.7,0,0,0.3,0.7,0.7
392,Dejounte Murray,PG,25,SAS,48,48,34.4,8.1,17.9,0.453,1.3,4.1,0.315,6.8,13.8,0.495,0.49,2,2.7,0.744,1.3,7,8.4,9.2,2,0.4,2.5,2.1,19.5
438,Jakob Poeltl,C,26,SAS,45,44,28.8,5.9,9.7,0.614,0,0,,5.9,9.7,0.614,0.614,1.2,2.7,0.459,4,5.1,9,2.8,0.7,1.7,1.6,3,13.1
451,Joshua Primo,SG,19,SAS,26,4,15.4,1.7,4.7,0.364,0.8,2.4,0.317,0.9,2.2,0.414,0.446,0.5,0.7,0.778,0.6,1,1.7,1.4,0.3,0.5,1,1,4.7
544,Devin Vassell,SF,21,SAS,47,8,25.4,4.4,10.1,0.432,1.7,5.1,0.345,2.6,5,0.521,0.519,0.9,1.1,0.792,0.6,3.7,4.3,1.5,1,0.6,0.7,2.1,11.4
552,Lonnie Walker IV,SG,23,SAS,50,6,22.7,4,10.4,0.388,1.4,4.8,0.294,2.6,5.7,0.466,0.455,1.5,1.8,0.831,0.2,2.3,2.5,2.3,0.7,0.3,1.1,1.4,11
565,Derrick White,SG,27,SAS,49,48,30.3,5,11.6,0.426,1.7,5.3,0.314,3.3,6.4,0.519,0.497,2.8,3.3,0.869,0.5,3,3.5,5.6,1,0.9,1.8,2.4,14.4
567,Joe Wieskamp,SG,22,SAS,14,0,6.3,0.9,1.9,0.481,0.6,1.3,0.444,0.4,0.6,0.556,0.63,0.2,0.5,0.429,0.1,0.4,0.5,0.3,0.1,0.1,0.1,0.4,2.6
587,Thaddeus Young,PF,33,SAS,26,1,14.2,2.8,4.9,0.578,0,0.2,0,2.8,4.7,0.602,0.578,0.4,0.8,0.455,1.5,2,3.6,2.3,0.9,0.3,1.2,1.5,6.1
1,Precious Achiuwa,C,22,TOR,45,23,23.6,3.2,7.4,0.424,0.4,1.2,0.296,2.8,6.2,0.448,0.448,0.9,1.6,0.569,2.3,4.8,7.1,1.2,0.5,0.6,1,2,7.6
16,OG Anunoby,SF,24,TOR,39,39,37.1,6.9,15.5,0.444,2.5,7,0.359,4.4,8.5,0.515,0.526,2,2.7,0.743,1.6,4.1,5.7,2.6,1.6,0.6,1.8,3,18.3
28,Dalano Banton,SF,22,TOR,44,1,11.9,1.5,3.6,0.414,0.3,0.9,0.268,1.2,2.6,0.466,0.449,0.4,0.6,0.643,0.6,1.6,2.2,1.7,0.5,0.2,1,1.3,3.6
31,Scottie Barnes,PF,20,TOR,46,46,35.9,5.8,12.2,0.474,0.9,2.7,0.32,4.9,9.5,0.518,0.51,2.2,3,0.741,2.5,5.1,7.7,3.5,1,0.8,1.9,2.8,14.7
47,Khem Birch,C,29,TOR,28,7,18.7,1.9,3.9,0.481,0,0.3,0,1.9,3.6,0.52,0.481,1.2,1.6,0.75,2.4,2.2,4.6,1.1,0.8,0.5,0.6,1.6,4.9
57,Isaac Bonga,SF,22,TOR,13,0,5.1,0.2,1,0.231,0.1,0.3,0.25,0.2,0.7,0.222,0.269,0.3,0.5,0.667,0.3,0.2,0.5,0.2,0.5,0.2,0.2,0.8,0.8
60,Chris Boucher,PF,29,TOR,52,8,20.2,3.3,7,0.462,0.8,2.7,0.282,2.5,4.3,0.576,0.516,1.9,2.5,0.773,2.1,3.8,5.9,0.3,0.7,1.1,0.6,2.2,9.2
98,Justin Champagnie,SF,20,TOR,30,0,8.4,1,2,0.483,0.3,0.7,0.409,0.7,1.3,0.526,0.558,0.3,0.3,1,1.2,0.9,2.1,0.3,0.2,0.1,0.2,1.1,2.5
130,Sam Dekker,PF,27,TOR,1,0,1,0,0,,0,0,,0,0,,,0,0,,0,0,0,0,0,0,0,0,0
147,Goran Dragić,PG,35,TOR,5,2,18,2.6,6.8,0.382,0.8,2.8,0.286,1.8,4,0.45,0.441,2,2,1,0.4,2.4,2.8,1.8,1,0.2,0.2,1.6,8
166,Malachi Flynn,PG,23,TOR,32,1,9.1,1.2,3.2,0.373,0.5,1.6,0.308,0.7,1.6,0.44,0.451,0.2,0.3,0.667,0.2,0.9,1.1,1,0.4,0.1,0.3,1,3.1
275,David Johnson,SG,20,TOR,2,0,1,0,0.5,0,0,0.5,0,0,0,,0,0,0,,0,0,0,0,0,0,0,0,0
383,Juwan Morgan,PF,24,TOR,1,0,27,2,3,0.667,1,2,0.5,1,1,1,0.833,0,0,,2,2,4,1,0,0,0,3,5
394,Svi Mykhailiuk,SF,24,TOR,42,5,15.5,2,4.9,0.405,0.8,2.7,0.31,1.1,2.2,0.522,0.49,0.6,0.8,0.844,0.5,1.6,2.1,1,0.6,0.1,0.7,1.1,5.4
422,Daniel Oturu,C,22,TOR,3,0,9,1,2,0.5,0,0.3,0,1,1.7,0.6,0.5,1,1.7,0.6,0.3,1.3,1.7,0,0,0.7,0,0.3,3
491,Pascal Siakam,PF,27,TOR,41,41,37.8,8.3,16.9,0.493,1.1,3.1,0.352,7.2,13.8,0.525,0.525,4,5.5,0.733,2.1,6.6,8.7,5.2,1.3,0.8,2.7,3.5,21.8
536,Gary Trent Jr.,SG,23,TOR,45,44,34.9,6.8,15.6,0.437,3.2,8,0.403,3.6,7.6,0.472,0.54,1.9,2.4,0.821,0.3,2.3,2.7,2,2,0.3,1,2.1,18.8
543,Fred VanVleet,PG,27,TOR,48,48,38.6,7.3,17.5,0.418,4,10,0.397,3.3,7.4,0.445,0.532,3,3.4,0.873,0.8,3.8,4.6,7.1,1.7,0.5,2.7,2.4,21.6
558,Yuta Watanabe,SF,27,TOR,24,4,15,1.8,4.4,0.4,0.9,2.5,0.356,0.9,1.9,0.457,0.5,0.6,1.1,0.538,0.6,2.3,2.9,0.6,0.3,0.5,0.7,1.3,5
578,D.J. Wilson,PF,25,TOR,3,1,16,2.7,3.7,0.727,0,0.7,0,2.7,3,0.889,0.727,2.7,3.3,0.8,0.3,4.3,4.7,1.3,1.7,0.3,0.7,1.7,8
22,Udoka Azubuike,C,22,UTA,13,5,11.5,1.8,2.6,0.676,0,0,,1.8,2.6,0.676,0.676,0.3,0.7,0.444,1,3,4,0,0.1,0.8,0.8,1.3,3.8
54,Bojan Bogdanović,PF,32,UTA,53,53,31,6.1,13.4,0.459,2.4,6.4,0.382,3.7,7,0.53,0.55,3.3,3.8,0.871,0.8,3.5,4.4,1.7,0.5,0,1.6,1.7,18
85,Jared Butler,SG,21,UTA,26,1,7.9,1.3,3.3,0.407,0.6,1.7,0.356,0.7,1.6,0.463,0.5,0.3,0.5,0.583,0.1,0.7,0.8,1.1,0.3,0.3,0.8,1,3.6
99,Zylan Cheatham,SF,26,UTA,1,0,5,0,3,0,0,2,0,0,1,0,0,0,0,,0,0,0,0,0,0,0,0,0
105,Jordan Clarkson,SG,29,UTA,52,1,26.6,5.6,14,0.401,2.6,8,0.321,3,6,0.508,0.492,1.7,2,0.819,0.8,2.6,3.4,2.4,0.7,0.3,1.7,1.9,15.5
111,Mike Conley,PG,34,UTA,49,49,28.5,5,11,0.449,2.5,5.8,0.425,2.5,5.2,0.477,0.561,2,2.3,0.835,0.6,2.4,3.1,5.2,1.2,0.3,1.7,1.8,14.3
165,Malik Fitts,PF,24,UTA,7,0,5,0.3,1.3,0.222,0.3,0.6,0.5,0,0.7,0,0.333,0,0,,0,1.4,1.4,0,0,0,0.3,0.4,0.9
169,Trent Forrest,PG,23,UTA,43,4,12,1.2,2.2,0.552,0.1,0.3,0.2,1.2,1.9,0.617,0.568,0.6,0.7,0.781,0.3,1.3,1.7,1.4,0.5,0.1,0.8,0.7,3.1
182,Rudy Gay,PF,35,UTA,35,1,20,3.1,7.3,0.418,1.4,4.1,0.34,1.7,3.2,0.518,0.514,1.4,1.8,0.79,1,3.6,4.6,1.1,0.6,0.3,0.9,1.9,8.9
189,Rudy Gobert,C,29,UTA,42,42,32.5,5.6,8,0.707,0,0,0,5.6,7.9,0.712,0.707,4.7,6.8,0.69,3.7,11.4,15.1,1.2,0.8,2.3,1.8,2.7,16
251,Elijah Hughes,SF,23,UTA,14,1,8,1.1,2.6,0.417,0.7,2,0.357,0.4,0.6,0.625,0.556,0.2,0.2,1,0.1,1.1,1.2,0.4,0.3,0.1,0.5,0.5,3.1
257,Joe Ingles,SF,34,UTA,45,15,24.9,2.6,6.3,0.404,1.7,5,0.347,0.8,1.3,0.617,0.54,0.4,0.5,0.773,0.3,2.6,2.9,3.5,0.5,0.1,1,1.8,7.2
375,Donovan Mitchell,SG,25,UTA,43,43,33.3,9.3,20.4,0.454,3.3,9.4,0.346,6,11,0.548,0.534,3.7,4.2,0.872,0.9,3.3,4.1,5.3,1.6,0.3,3,2.4,25.4
410,Royce O'Neale,SF,28,UTA,51,51,31.4,2.7,5.5,0.482,1.5,3.7,0.397,1.2,1.8,0.656,0.615,0.6,0.8,0.786,0.8,4.2,5,2.5,1.2,0.5,0.9,2.4,7.5
420,Miye Oni,SG,24,UTA,16,0,2.8,0.1,0.6,0.222,0.1,0.5,0.125,0.1,0.1,1,0.278,0,0.1,0,0.1,0.4,0.4,0.3,0,0,0.1,0.4,0.3
428,Eric Paschall,PF,25,UTA,41,1,13.3,2,4.1,0.485,0.8,2.1,0.372,1.2,2,0.605,0.581,1.1,1.5,0.754,0.6,1.5,2.1,0.6,0.1,0.1,0.6,1,5.9
433,Norvel Pelle,C,28,UTA,3,0,6.3,1,1.7,0.6,0,0,,1,1.7,0.6,0.6,0,0,,1,1,2,0,0,0.3,0.7,0.3,2
566,Hassan Whiteside,C,32,UTA,43,7,18.3,3.4,5.4,0.627,0,0,,3.4,5.4,0.627,0.627,1.7,2.6,0.655,2.3,5.1,7.4,0.4,0.3,1.5,0.9,3,8.5
19,Deni Avdija,SF,21,WAS,54,6,22.9,2.7,6.2,0.444,0.9,2.8,0.307,1.9,3.4,0.557,0.514,1.1,1.4,0.75,0.6,4.2,4.9,1.6,0.8,0.6,0.9,2.3,7.4
20,Joel Ayayi,SG,21,WAS,7,0,2.9,0.1,0.9,0.167,0,0.1,0,0.1,0.7,0.2,0.167,0,0,,0.1,0.3,0.4,0.6,0,0,0,0,0.3
40,Bradley Beal,SG,28,WAS,40,40,36,8.7,19.3,0.451,1.6,5.3,0.3,7.1,14,0.508,0.492,4.2,5.1,0.833,1,3.8,4.7,6.6,0.9,0.4,3.4,2.4,23.2
44,Dāvis Bertāns,PF,29,WAS,34,0,14.7,1.8,5,0.351,1.4,4.2,0.319,0.4,0.8,0.519,0.485,0.8,0.9,0.933,0.2,1.6,1.8,0.5,0.3,0.2,0.4,1.6,5.7
80,Thomas Bryant,C,24,WAS,12,5,16.3,2.8,5.9,0.479,0.7,1.9,0.348,2.2,4,0.542,0.535,1.1,1.4,0.765,1.2,2.4,3.6,0.8,0.3,0.6,0.7,1.7,7.4
88,Kentavious Caldwell-Pope,SG,28,WAS,51,51,29.3,4,10,0.404,1.9,5.2,0.369,2.1,4.8,0.441,0.499,1.3,1.5,0.893,0.5,3,3.4,1.7,1.1,0.4,1.2,1.7,11.3
137,Spencer Dinwiddie,PG,28,WAS,44,44,30.2,4.2,11.2,0.376,1.6,5.1,0.31,2.6,6,0.432,0.447,2.6,3.3,0.811,0.8,3.9,4.7,5.8,0.6,0.2,1.7,2.4,12.6
152,Jaime Echenique,C,24,WAS,1,0,3,0,0,,0,0,,0,0,,,0,0,,0,0,0,0,0,0,0,0,0
175,Daniel Gafford,C,23,WAS,48,46,20.6,3.8,5.6,0.678,0,0,,3.8,5.6,0.678,0.678,1.4,1.8,0.756,2.3,3.8,6,1,0.4,1.5,0.9,2.4,8.9
187,Anthony Gill,PF,29,WAS,22,0,6.7,1.1,1.5,0.706,0.2,0.4,0.625,0.9,1.2,0.731,0.779,0.7,0.9,0.789,0.5,0.8,1.2,0.4,0.1,0.1,0.2,1.1,3.1
191,Jordan Goodwin,SG,23,WAS,2,0,3,0,1.5,0,0,0.5,0,0,1,0,0,0,0,,0,0.5,0.5,0,0,0,0,0.5,0
207,Rui Hachimura,PF,23,WAS,15,0,18.1,3.1,6.8,0.451,0.9,2.1,0.419,2.2,4.7,0.465,0.515,1.1,1.4,0.762,0.4,3.3,3.7,1.1,0.3,0.3,0.7,0.9,8.1
215,Montrezl Harrell,C,28,WAS,46,3,24.3,5.4,8.3,0.645,0.1,0.3,0.267,5.3,8,0.66,0.65,3.2,4.5,0.727,2.1,4.6,6.7,2.1,0.4,0.7,1.1,1.9,14.1
238,Aaron Holiday,PG,25,WAS,41,14,16.2,2.4,5.2,0.467,0.6,1.6,0.343,1.9,3.6,0.524,0.521,0.7,0.9,0.8,0.2,1.4,1.6,1.9,0.6,0.2,1,1.5,6.1
301,Corey Kispert,SF,22,WAS,49,8,18.8,2.3,5.4,0.422,1,3.1,0.313,1.3,2.3,0.566,0.511,0.7,0.8,0.878,0.7,1.8,2.5,0.9,0.3,0.2,0.4,0.9,6.2
312,Kyle Kuzma,PF,26,WAS,51,51,33,6,13.3,0.454,1.8,5.5,0.332,4.2,7.8,0.54,0.523,2.2,3.2,0.696,1.1,7.6,8.7,2.9,0.6,0.9,2.3,1.9,16.1
399,Raul Neto,PG,29,WAS,45,1,19.7,2.9,6.5,0.451,0.4,1.7,0.231,2.5,4.8,0.53,0.481,1.2,1.6,0.753,0.2,1.8,1.9,2.6,0.7,0,1.3,1.5,7.5
481,Jordan Schakel,SG,23,WAS,2,0,7,0,3,0,0,1.5,0,0,1.5,0,0,0,0,,1,0.5,1.5,0,0,0,0,0,0
512,Craig Sword,SG,28,WAS,3,0,6.3,1,1.3,0.75,0,0.3,0,1,1,1,0.75,0,0,,0,0,0,0.3,1.3,0,0.3,2.3,2
532,Isaiah Todd,PF,20,WAS,9,0,3.9,0.6,1.7,0.333,0.4,1.1,0.4,0.1,0.6,0.2,0.467,0.2,0.4,0.5,0.2,0.8,1,0.1,0.2,0.2,0.1,0.1,1.8
581,Cassius Winston,PG,23,WAS,3,0,5.7,0.7,1.7,0.4,0.3,1.3,0.25,0.3,0.3,1,0.5,0.7,0.7,1,0,0,0,1.3,0,0,0.3,1.3,2.3
